"","bathrooms","views","lat","lng"
"1",2,1,0,0
"2",2,2,0,0
"3",2,3,0,0
"4",2,4,0,0
"5",2,5,0,0
"6",2,6,0,0
"7",2,7,0,0
"8",2,8,0,0
"9",2,9,0,0
"10",2,10,0,0
"11",2,11,0,0
"12",1,12,0,0
"13",1,13,0,0
"14",1,14,0,0
"15",2,15,0,0
"16",2,16,0,0
"17",2,17,0,0
"18",2,18,0,0
"19",2,19,0,0
"20",2,20,0,0
"21",2,21,0,0
"22",2,22,0,0
"23",2,23,0,0
"24",2,24,0,0
"25",2,25,0,0
"26",2,26,0,0
"27",3,27,0,0
"28",2,28,0,0
"29",2,29,0,0
"30",2,30,0,0
"31",2,31,0,0
"32",2,32,0,0
"33",2,33,0,0
"34",2,34,0,0
"35",2,35,0,0
"36",2,36,0,0
"37",2,37,0,0
"38",2,38,0,0
"39",2,39,0,0
"40",2,40,0,0
"41",2,41,0,0
"42",2,42,0,0
"43",2,43,0,0
"44",2,38,0,0
"45",2,43,0,0
"46",2,44,0,0
"47",2,45,0,0
"48",2,38,0,0
"49",2,46,0,0
"50",2,47,0,0
"51",2,38,0,0
"52",2,48,0,0
"53",2,49,0,0
"54",4,50,0,0
"55",2,51,0,0
"56",2,52,0,0
"57",2,53,0,0
"58",2,54,0,0
"59",2,55,0,0
"60",2,56,0,0
"61",2,54,0,0
"62",2,40,0,0
"63",2,41,0,0
"64",2,57,0,0
"65",2,54,0,0
"66",2,58,0,0
"67",2,48,0,0
"68",2,37,0,0
"69",2,37,0,0
"70",2,57,0,0
"71",1,40,0,0
"72",2,38,0,0
"73",2,6,0,0
"74",2,39,0,0
"75",2,59,0,0
"76",2,56,0,0
"77",2,60,0,0
"78",2,56,0,0
"79",2,61,0,0
"80",2,41,0,0
"81",2,44,0,0
"82",2,38,0,0
"83",2,62,0,0
"84",2,63,0,0
"85",2,64,0,0
"86",2,65,0,0
"87",2,66,0,0
"88",2,67,0,0
"89",2,68,0,0
"90",2,69,0,0
"91",2,70,0,0
"92",2,71,0,0
"93",2,44,0,0
"94",2,72,0,0
"95",2,58,0,0
"96",2,73,0,0
"97",2,74,0,0
"98",2,75,0,0
"99",2,76,0,0
"100",2,77,0,0
"101",2,38,0,0
"102",2,47,0,0
"103",2,4,0,0
"104",2,72,0,0
"105",2,78,0,0
"106",2,44,0,0
"107",2,44,0,0
"108",2,79,0,0
"109",2,80,0,0
"110",2,81,0,0
"111",2,82,0,0
"112",2,83,0,0
"113",2,84,0,0
"114",2,76,0,0
"115",2,85,0,0
"116",2,86,0,0
"117",2,87,0,0
"118",2,88,0,0
"119",2,89,0,0
"120",2,30,0,0
"121",2,90,0,0
"122",2,91,0,0
"123",2,92,0,0
"124",2,93,0,0
"125",2,94,0,0
"126",2,95,0,0
"127",2,96,0,0
"128",2,97,0,0
"129",2,98,0,0
"130",2,99,0,0
"131",2,100,0,0
"132",2,101,0,0
"133",2,102,0,0
"134",2,103,0,0
"135",2,104,0,0
"136",2,6,0,0
"137",2,105,0,0
"138",2,106,0,0
"139",2,107,0,0
"140",2,20,0,0
"141",2,108,0,0
"142",2,109,0,0
"143",2,110,0,0
"144",2,100,0,0
"145",3,111,0,0
"146",2,112,0,0
"147",2,113,0,0
"148",2,114,0,0
"149",2,46,0,0
"150",2,115,0,0
"151",2,116,0,0
"152",2,117,0,0
"153",2,118,0,0
"154",2,119,0,0
"155",2,120,0,0
"156",2,46,0,0
"157",2,121,0,0
"158",2,122,0,0
"159",2,6,0,0
"160",2,44,0,0
"161",2,44,0,0
"162",2,77,0,0
"163",2,123,0,0
"164",2,124,0,0
"165",2,79,0,0
"166",2,125,0,0
"167",2,126,0,0
"168",2,40,0,0
"169",2,59,0,0
"170",2,44,0,0
"171",2,121,0,0
"172",3,127,0,0
"173",2,43,0,0
"174",2,78,0,0
"175",2,37,0,0
"176",2,72,0,0
"177",2,128,0,0
"178",2,129,0,0
"179",2,130,0,0
"180",2,115,0,0
"181",2,131,0,0
"182",2,121,0,0
"183",2,128,0,0
"184",2,132,0,0
"185",2,54,0,0
"186",2,133,0,0
"187",2,130,0,0
"188",2,117,0,0
"189",2,128,0,0
"190",2,43,0,0
"191",2,116,0,0
"192",2,134,0,0
"193",2,121,0,0
"194",2,135,0,0
"195",2,136,0,0
"196",2,137,0,0
"197",2,138,0,0
"198",2,139,0,0
"199",2,95,0,0
"200",2,140,0,0
"201",2,141,0,0
"202",2,142,0,0
"203",2,143,0,0
"204",2,125,0,0
"205",2,144,0,0
"206",2,145,0,0
"207",2,99,0,0
"208",2,146,0,0
"209",2,147,0,0
"210",2,148,0,0
"211",2,75,0,0
"212",2,149,0,0
"213",2,150,0,0
"214",2,116,0,0
"215",2,151,0,0
"216",2,130,0,0
"217",2,152,0,0
"218",2,55,0,0
"219",2,129,0,0
"220",2,134,0,0
"221",2,153,0,0
"222",2,54,0,0
"223",2,46,0,0
"224",2,38,0,0
"225",2,82,0,0
"226",2,114,0,0
"227",2,154,0,0
"228",2,155,0,0
"229",2,156,0,0
"230",2,144,0,0
"231",2,157,0,0
"232",2,158,0,0
"233",2,159,0,0
"234",2,160,0,0
"235",2,161,0,0
"236",2,162,0,0
"237",2,155,0,0
"238",2,163,0,0
"239",2,164,0,0
"240",2,165,0,0
"241",2,123,0,0
"242",2,166,0,0
"243",2,54,0,0
"244",2,55,0,0
"245",2,73,0,0
"246",2,105,0,0
"247",2,167,0,0
"248",2,64,0,0
"249",2,143,0,0
"250",2,51,0,0
"251",2,91,0,0
"252",2,128,0,0
"253",2,168,0,0
"254",2,46,0,0
"255",2,129,0,0
"256",2,169,0,0
"257",2,170,0,0
"258",2,103,0,0
"259",3,88,0,0
"260",2,90,0,0
"261",2,171,0,0
"262",3,172,0,0
"263",2,173,0,0
"264",2,174,0,0
"265",2,175,0,0
"266",2,176,0,0
"267",3,177,0,0
"268",2,178,0,0
"269",2,179,0,0
"270",2,180,0,0
"271",2,181,0,0
"272",2,182,0,0
"273",2,183,0,0
"274",2,184,0,0
"275",2,185,0,0
"276",2,125,0,0
"277",2,186,0,0
"278",2,187,0,0
"279",2,188,0,0
"280",2,189,0,0
"281",2,190,0,0
"282",2,191,0,0
"283",2,192,0,0
"284",2,193,0,0
"285",2,194,0,0
"286",2,195,0,0
"287",2,196,0,0
"288",2,197,0,0
"289",2,101,0,0
"290",2,198,0,0
"291",2,199,0,0
"292",2,200,0,0
"293",2,201,0,0
"294",2,202,0,0
"295",1,203,0,0
"296",2,204,0,0
"297",2,167,0,0
"298",2,130,0,0
"299",2,205,0,0
"300",2,51,0,0
"301",2,206,0,0
"302",2,207,0,0
"303",2,208,0,0
"304",2,144,0,0
"305",2,209,0,0
"306",2,210,0,0
"307",2,211,0,0
"308",2,212,0,0
"309",2,213,0,0
"310",2,214,0,0
"311",2,51,0,0
"312",2,167,0,0
"313",2,79,0,0
"314",2,79,0,0
"315",2,215,0,0
"316",2,51,0,0
"317",2,51,0,0
"318",2,112,0,0
"319",2,211,0,0
"320",2,216,0,0
"321",2,2,0,0
"322",2,217,0,0
"323",2,166,0,0
"324",2,218,0,0
"325",2,125,0,0
"326",2,126,0,0
"327",3,191,0,0
"328",4,132,0,0
"329",2,129,0,0
"330",2,51,0,0
"331",2,219,0,0
"332",2,220,0,0
"333",2,221,0,0
"334",2,222,0,0
"335",2,223,0,0
"336",2,224,0,0
"337",2,225,0,0
"338",3,226,0,0
"339",2,227,0,0
"340",2,228,0,0
"341",2,229,0,0
"342",2,166,0,0
"343",2,93,0,0
"344",2,124,0,0
"345",2,125,0,0
"346",2,218,0,0
"347",2,6,0,0
"348",2,78,0,0
"349",2,230,0,0
"350",2,79,0,0
"351",2,231,0,0
"352",2,205,0,0
"353",2,218,0,0
"354",2,232,0,0
"355",2,6,0,0
"356",2,233,0,0
"357",2,80,0,0
"358",2,80,0,0
"359",2,234,0,0
"360",2,102,0,0
"361",2,153,0,0
"362",2,116,0,0
"363",2,110,0,0
"364",2,76,0,0
"365",2,166,0,0
"366",2,235,0,0
"367",2,215,0,0
"368",2,236,0,0
"369",2,237,0,0
"370",3,238,0,0
"371",1,189,0,0
"372",2,123,0,0
"373",3,46,0,0
"374",2,197,0,0
"375",2,42,0,0
"376",2,79,0,0
"377",2,239,0,0
"378",2,132,0,0
"379",3,72,0,0
"380",2,240,0,0
"381",2,179,0,0
"382",2,4,0,0
"383",2,152,0,0
"384",2,55,0,0
"385",2,167,0,0
"386",2,42,0,0
"387",2,167,0,0
"388",2,106,0,0
"389",2,241,0,0
"390",2,242,0,0
"391",2,220,0,0
"392",2,240,0,0
"393",2,243,0,0
"394",2,244,0,0
"395",2,245,0,0
"396",2,76,0,0
"397",2,246,0,0
"398",2,247,0,0
"399",2,11,0,0
"400",2,211,0,0
"401",2,120,0,0
"402",1,37,0,0
"403",2,248,0,0
"404",2,211,0,0
"405",2,45,0,0
"406",2,58,0,0
"407",2,249,0,0
"408",2,134,0,0
"409",2,214,0,0
"410",2,42,0,0
"411",2,78,0,0
"412",2,88,0,0
"413",2,230,0,0
"414",2,87,0,0
"415",2,249,0,0
"416",2,123,0,0
"417",2,250,0,0
"418",2,120,0,0
"419",2,46,0,0
"420",2,79,0,0
"421",2,249,0,0
"422",2,2,0,0
"423",2,82,0,0
"424",2,90,0,0
"425",2,251,0,0
"426",2,233,0,0
"427",2,132,0,0
"428",2,81,0,0
"429",2,132,0,0
"430",2,252,0,0
"431",2,4,0,0
"432",2,89,0,0
"433",2,214,0,0
"434",2,126,0,0
"435",2,180,0,0
"436",2,166,0,0
"437",2,253,0,0
"438",2,51,0,0
"439",2,20,0,0
"440",2,254,0,0
"441",2,130,0,0
"442",2,123,0,0
"443",2,52,0,0
"444",2,211,0,0
"445",1,4,0,0
"446",2,4,0,0
"447",2,4,0,0
"448",2,44,0,0
"449",2,255,0,0
"450",2,256,0,0
"451",2,158,0,0
"452",2,167,0,0
"453",2,257,0,0
"454",2,258,0,0
"455",2,153,0,0
"456",2,85,0,0
"457",2,53,0,0
"458",2,143,0,0
"459",2,205,0,0
"460",2,259,0,0
"461",2,73,0,0
"462",2,260,0,0
"463",2,261,0,0
"464",2,80,0,0
"465",1,262,0,0
"466",2,263,0,0
"467",2,264,0,0
"468",3,265,0,0
"469",2,266,0,0
"470",2,242,0,0
"471",2,267,0,0
"472",2,256,0,0
"473",2,268,0,0
"474",2,269,0,0
"475",2,270,0,0
"476",2,271,0,0
"477",2,272,0,0
"478",2,125,0,0
"479",2,143,0,0
"480",2,132,0,0
"481",2,273,0,0
"482",2,103,0,0
"483",2,274,0,0
"484",2,117,0,0
"485",2,75,0,0
"486",2,275,0,0
"487",2,276,0,0
"488",2,277,0,0
"489",2,87,0,0
"490",2,278,0,0
"491",2,52,0,0
"492",2,70,0,0
"493",2,137,0,0
"494",2,76,0,0
"495",2,251,0,0
"496",2,279,0,0
"497",2,280,0,0
"498",2,81,0,0
"499",2,46,0,0
"500",2,134,0,0
"501",2,143,0,0
"502",2,4,0,0
"503",2,90,0,0
"504",2,84,0,0
"505",2,128,0,0
"506",2,71,0,0
"507",2,43,0,0
"508",2,281,0,0
"509",2,179,0,0
"510",2,282,0,0
"511",2,283,0,0
"512",2,284,0,0
"513",2,11,0,0
"514",2,285,0,0
"515",2,286,0,0
"516",2,287,0,0
"517",2,288,0,0
"518",2,289,0,0
"519",2,290,0,0
"520",2,291,0,0
"521",2,269,0,0
"522",2,181,0,0
"523",2,292,0,0
"524",2,293,0,0
"525",2,294,0,0
"526",2,295,0,0
"527",2,296,0,0
"528",2,297,0,0
"529",2,2,0,0
"530",2,55,0,0
"531",2,298,0,0
"532",2,27,0,0
"533",2,213,0,0
"534",2,78,0,0
"535",2,132,0,0
"536",2,58,0,0
"537",2,230,0,0
"538",2,299,0,0
"539",2,123,0,0
"540",2,20,0,0
"541",2,197,0,0
"542",2,215,0,0
"543",2,300,0,0
"544",2,282,0,0
"545",2,137,0,0
"546",2,73,0,0
"547",1,176,0,0
"548",2,84,0,0
"549",2,301,0,0
"550",2,302,0,0
"551",2,303,0,0
"552",2,304,0,0
"553",2,139,0,0
"554",2,95,0,0
"555",2,211,0,0
"556",2,305,0,0
"557",2,44,0,0
"558",2,306,0,0
"559",2,307,0,0
"560",2,212,0,0
"561",2,308,0,0
"562",2,289,0,0
"563",2,289,0,0
"564",2,309,0,0
"565",2,310,0,0
"566",2,311,0,0
"567",2,312,0,0
"568",3,313,0,0
"569",2,314,0,0
"570",2,108,0,0
"571",2,315,0,0
"572",2,127,0,0
"573",2,100,0,0
"574",2,316,0,0
"575",2,317,0,0
"576",2,230,0,0
"577",2,5,0,0
"578",2,282,0,0
"579",2,136,0,0
"580",2,306,0,0
"581",2,112,0,0
"582",2,318,0,0
"583",2,319,0,0
"584",2,320,0,0
"585",2,224,0,0
"586",2,321,0,0
"587",2,322,0,0
"588",2,323,0,0
"589",2,324,0,0
"590",2,325,0,0
"591",2,259,0,0
"592",2,80,0,0
"593",2,32,0,0
"594",2,326,0,0
"595",2,327,0,0
"596",2,27,0,0
"597",2,328,0,0
"598",2,73,0,0
"599",2,121,0,0
"600",2,37,0,0
"601",2,129,0,0
"602",2,131,0,0
"603",2,54,0,0
"604",2,49,0,0
"605",2,56,0,0
"606",2,56,0,0
"607",2,317,0,0
"608",2,239,0,0
"609",2,163,0,0
"610",2,180,0,0
"611",2,115,0,0
"612",2,211,0,0
"613",2,317,0,0
"614",2,218,0,0
"615",2,321,0,0
"616",2,71,0,0
"617",2,179,0,0
"618",2,329,0,0
"619",2,67,0,0
"620",2,330,0,0
"621",2,84,0,0
"622",2,331,0,0
"623",2,52,0,0
"624",2,332,0,0
"625",2,236,0,0
"626",2,130,0,0
"627",2,333,0,0
"628",2,62,0,0
"629",2,334,0,0
"630",2,335,0,0
"631",2,336,0,0
"632",2,218,0,0
"633",2,32,0,0
"634",2,250,0,0
"635",2,337,0,0
"636",2,87,0,0
"637",2,338,0,0
"638",2,339,0,0
"639",2,340,0,0
"640",2,3,0,0
"641",2,341,0,0
"642",2,112,0,0
"643",2,102,0,0
"644",2,342,0,0
"645",2,96,0,0
"646",2,125,0,0
"647",2,343,0,0
"648",2,344,0,0
"649",2,258,0,0
"650",2,96,0,0
"651",2,186,0,0
"652",2,335,0,0
"653",2,345,0,0
"654",2,112,0,0
"655",2,346,0,0
"656",2,347,0,0
"657",2,109,0,0
"658",2,348,0,0
"659",2,42,0,0
"660",2,131,0,0
"661",2,78,0,0
"662",2,79,0,0
"663",2,59,0,0
"664",2,214,0,0
"665",2,304,0,0
"666",2,166,0,0
"667",2,90,0,0
"668",2,131,0,0
"669",2,259,0,0
"670",2,81,0,0
"671",2,74,0,0
"672",2,46,0,0
"673",2,216,0,0
"674",3,4,0,0
"675",2,59,0,0
"676",2,349,0,0
"677",2,197,0,0
"678",2,4,0,0
"679",2,73,0,0
"680",2,151,0,0
"681",3,350,0,0
"682",2,329,0,0
"683",2,329,0,0
"684",2,120,0,0
"685",2,96,0,0
"686",2,213,0,0
"687",2,249,0,0
"688",2,4,0,0
"689",2,99,0,0
"690",2,42,0,0
"691",2,78,0,0
"692",2,55,0,0
"693",2,119,0,0
"694",4,248,0,0
"695",4,89,0,0
"696",2,351,0,0
"697",2,148,0,0
"698",2,352,0,0
"699",2,353,0,0
"700",2,354,0,0
"701",2,355,0,0
"702",2,356,0,0
"703",2,297,0,0
"704",2,86,0,0
"705",2,166,0,0
"706",2,80,0,0
"707",2,342,0,0
"708",2,51,0,0
"709",2,357,0,0
"710",2,64,0,0
"711",2,358,0,0
"712",2,359,0,0
"713",2,139,0,0
"714",2,78,0,0
"715",2,342,0,0
"716",2,256,0,0
"717",2,317,0,0
"718",2,167,0,0
"719",2,55,0,0
"720",2,277,0,0
"721",2,143,0,0
"722",2,299,0,0
"723",2,283,0,0
"724",3,239,0,0
"725",2,115,0,0
"726",2,143,0,0
"727",2,360,0,0
"728",2,55,0,0
"729",2,59,0,0
"730",2,42,0,0
"731",2,361,0,0
"732",2,127,0,0
"733",2,362,0,0
"734",2,10,0,0
"735",2,138,0,0
"736",2,305,0,0
"737",2,71,0,0
"738",2,101,0,0
"739",2,131,0,0
"740",2,53,0,0
"741",2,131,0,0
"742",2,231,0,0
"743",2,116,0,0
"744",2,6,0,0
"745",2,166,0,0
"746",2,6,0,0
"747",2,143,0,0
"748",2,117,0,0
"749",2,46,0,0
"750",2,363,0,0
"751",2,339,0,0
"752",2,364,0,0
"753",2,110,0,0
"754",2,365,0,0
"755",2,366,0,0
"756",2,181,0,0
"757",2,367,0,0
"758",2,368,0,0
"759",2,369,0,0
"760",2,370,0,0
"761",2,371,0,0
"762",2,372,0,0
"763",2,22,0,0
"764",2,373,0,0
"765",2,374,0,0
"766",3,375,0,0
"767",2,376,0,0
"768",2,108,0,0
"769",2,377,0,0
"770",2,378,0,0
"771",1,379,0,0
"772",2,138,0,0
"773",2,380,0,0
"774",2,126,0,0
"775",2,135,0,0
"776",2,350,0,0
"777",2,180,0,0
"778",2,185,0,0
"779",2,71,0,0
"780",2,71,0,0
"781",2,70,0,0
"782",2,70,0,0
"783",2,307,0,0
"784",2,230,0,0
"785",2,230,0,0
"786",2,5,0,0
"787",2,2,0,0
"788",2,45,0,0
"789",2,53,0,0
"790",2,11,0,0
"791",3,55,0,0
"792",2,218,0,0
"793",2,250,0,0
"794",2,71,0,0
"795",2,135,0,0
"796",2,180,0,0
"797",2,115,0,0
"798",2,277,0,0
"799",2,128,0,0
"800",2,59,0,0
"801",2,53,0,0
"802",2,259,0,0
"803",2,110,0,0
"804",2,277,0,0
"805",2,124,0,0
"806",2,54,0,0
"807",2,55,0,0
"808",2,55,0,0
"809",2,218,0,0
"810",2,42,0,0
"811",2,145,0,0
"812",2,276,0,0
"813",2,164,0,0
"814",2,289,0,0
"815",2,190,0,0
"816",2,381,0,0
"817",2,382,0,0
"818",2,383,0,0
"819",2,384,0,0
"820",2,385,0,0
"821",2,234,0,0
"822",2,309,0,0
"823",2,386,0,0
"824",2,387,0,0
"825",2,27,0,0
"826",2,388,0,0
"827",2,389,0,0
"828",2,390,0,0
"829",2,391,0,0
"830",2,392,0,0
"831",2,112,0,0
"832",4,73,0,0
"833",2,393,0,0
"834",2,7,0,0
"835",2,164,0,0
"836",2,394,0,0
"837",2,368,0,0
"838",2,395,0,0
"839",2,396,0,0
"840",2,397,0,0
"841",2,398,0,0
"842",2,399,0,0
"843",2,400,0,0
"844",2,302,0,0
"845",2,401,0,0
"846",2,217,0,0
"847",2,99,0,0
"848",2,402,0,0
"849",2,4,0,0
"850",2,403,0,0
"851",2,404,0,0
"852",2,97,0,0
"853",2,348,0,0
"854",2,140,0,0
"855",2,271,0,0
"856",2,405,0,0
"857",2,406,0,0
"858",2,407,0,0
"859",2,275,0,0
"860",2,62,0,0
"861",2,235,0,0
"862",2,176,0,0
"863",2,408,0,0
"864",2,409,0,0
"865",2,283,0,0
"866",2,98,0,0
"867",2,105,0,0
"868",2,232,0,0
"869",2,410,0,0
"870",2,165,0,0
"871",2,74,0,0
"872",2,411,0,0
"873",2,412,0,0
"874",2,126,0,0
"875",2,193,0,0
"876",2,413,0,0
"877",2,414,0,0
"878",2,307,0,0
"879",2,415,0,0
"880",2,339,0,0
"881",2,416,0,0
"882",2,411,0,0
"883",2,417,0,0
"884",2,418,0,0
"885",2,272,0,0
"886",2,187,0,0
"887",2,192,0,0
"888",2,297,0,0
"889",2,419,0,0
"890",2,420,0,0
"891",2,341,0,0
"892",2,295,0,0
"893",2,10,0,0
"894",2,421,0,0
"895",2,422,0,0
"896",2,211,0,0
"897",2,307,0,0
"898",2,55,0,0
"899",2,253,0,0
"900",2,423,0,0
"901",2,234,0,0
"902",2,424,0,0
"903",2,110,0,0
"904",2,425,0,0
"905",2,245,0,0
"906",2,426,0,0
"907",2,335,0,0
"908",2,130,0,0
"909",2,214,0,0
"910",2,426,0,0
"911",2,427,0,0
"912",2,428,0,0
"913",2,250,0,0
"914",2,171,0,0
"915",2,123,0,0
"916",2,124,0,0
"917",2,426,0,0
"918",2,429,0,0
"919",2,93,0,0
"920",2,27,0,0
"921",2,250,0,0
"922",2,430,0,0
"923",2,431,0,0
"924",2,432,0,0
"925",2,418,0,0
"926",2,345,0,0
"927",2,289,0,0
"928",2,433,0,0
"929",2,434,0,0
"930",2,435,0,0
"931",2,436,0,0
"932",2,415,0,0
"933",2,191,0,0
"934",2,437,0,0
"935",2,438,0,0
"936",2,75,0,0
"937",2,217,0,0
"938",2,235,0,0
"939",2,439,0,0
"940",2,440,0,0
"941",2,364,0,0
"942",2,411,0,0
"943",2,42,0,0
"944",2,441,0,0
"945",2,85,0,0
"946",2,213,0,0
"947",2,442,0,0
"948",2,124,0,0
"949",1,52,0,0
"950",2,261,0,0
"951",1,443,0,0
"952",2,444,0,0
"953",2,445,0,0
"954",2,446,0,0
"955",2,447,0,0
"956",2,448,0,0
"957",2,449,0,0
"958",2,414,0,0
"959",2,98,0,0
"960",2,268,0,0
"961",2,450,0,0
"962",2,3,0,0
"963",2,92,0,0
"964",2,16,0,0
"965",2,451,0,0
"966",2,165,0,0
"967",2,452,0,0
"968",2,59,0,0
"969",2,218,0,0
"970",2,180,0,0
"971",2,120,0,0
"972",2,218,0,0
"973",2,299,0,0
"974",2,312,0,0
"975",2,453,0,0
"976",2,73,0,0
"977",2,414,0,0
"978",2,363,0,0
"979",2,166,0,0
"980",2,173,0,0
"981",2,454,0,0
"982",2,455,0,0
"983",2,335,0,0
"984",2,456,0,0
"985",2,305,0,0
"986",2,457,0,0
"987",2,74,0,0
"988",2,85,0,0
"989",2,120,0,0
"990",2,306,0,0
"991",2,458,0,0
"992",2,459,0,0
"993",2,277,0,0
"994",2,166,0,0
"995",2,460,0,0
"996",2,182,0,0
"997",2,330,0,0
"998",2,179,0,0
"999",2,39,0,0
"1000",2,56,0,0
"1001",2,49,0,0
"1002",2,61,0,0
"1003",2,44,0,0
"1004",2,116,0,0
"1005",2,61,0,0
"1006",2,461,0,0
"1007",2,56,0,0
"1008",2,56,0,0
"1009",2,61,0,0
"1010",2,461,0,0
"1011",2,461,0,0
"1012",2,61,0,0
"1013",2,48,0,0
"1014",2,461,0,0
"1015",2,461,0,0
"1016",2,41,0,0
"1017",2,61,0,0
"1018",2,37,0,0
"1019",2,79,0,0
"1020",2,48,0,0
"1021",2,462,0,0
"1022",2,39,0,0
"1023",2,58,0,0
"1024",2,61,0,0
"1025",2,39,0,0
"1026",2,48,0,0
"1027",2,39,0,0
"1028",2,461,0,0
"1029",2,60,0,0
"1030",2,39,0,0
"1031",1,461,0,0
"1032",2,61,0,0
"1033",1,61,0,0
"1034",2,54,0,0
"1035",2,41,0,0
"1036",2,41,0,0
"1037",2,132,0,0
"1038",2,462,0,0
"1039",2,121,0,0
"1040",2,117,0,0
"1041",2,56,0,0
"1042",2,41,0,0
"1043",2,461,0,0
"1044",2,116,0,0
"1045",2,461,0,0
"1046",2,56,0,0
"1047",2,61,0,0
"1048",2,39,0,0
"1049",2,41,0,0
"1050",2,41,0,0
"1051",2,47,0,0
"1052",2,47,0,0
"1053",2,48,0,0
"1054",2,41,0,0
"1055",1,461,0,0
"1056",2,61,0,0
"1057",2,39,0,0
"1058",2,39,0,0
"1059",2,41,0,0
"1060",2,60,0,0
"1061",2,461,0,0
"1062",2,40,0,0
"1063",2,57,0,0
"1064",1,60,0,0
"1065",2,277,0,0
"1066",2,41,0,0
"1067",2,49,0,0
"1068",2,60,0,0
"1069",2,39,0,0
"1070",2,117,0,0
"1071",2,61,0,0
"1072",2,41,0,0
"1073",2,48,0,0
"1074",2,60,0,0
"1075",2,41,0,0
"1076",2,461,0,0
"1077",2,48,0,0
"1078",2,121,0,0
"1079",2,411,0,0
"1080",2,39,0,0
"1081",2,40,0,0
"1082",2,461,0,0
"1083",2,216,0,0
"1084",2,61,0,0
"1085",2,80,0,0
"1086",2,11,0,0
"1087",3,117,0,0
"1088",2,60,0,0
"1089",2,120,0,0
"1090",3,217,0,0
"1091",2,61,0,0
"1092",2,61,0,0
"1093",2,55,0,0
"1094",2,56,0,0
"1095",2,49,0,0
"1096",2,37,0,0
"1097",2,121,0,0
"1098",2,61,0,0
"1099",2,49,0,0
"1100",2,116,0,0
"1101",2,72,0,0
"1102",2,48,0,0
"1103",2,211,0,0
"1104",2,117,0,0
"1105",2,129,0,0
"1106",2,47,0,0
"1107",2,117,0,0
"1108",2,43,0,0
"1109",2,41,0,0
"1110",2,40,0,0
"1111",2,232,0,0
"1112",2,40,0,0
"1113",2,40,0,0
"1114",2,117,0,0
"1115",2,45,0,0
"1116",2,51,0,0
"1117",2,167,0,0
"1118",2,117,0,0
"1119",2,61,0,0
"1120",2,41,0,0
"1121",3,175,0,0
"1122",2,48,0,0
"1123",2,191,0,0
"1124",2,38,0,0
"1125",2,117,0,0
"1126",2,48,0,0
"1127",2,40,0,0
"1128",2,38,0,0
"1129",2,40,0,0
"1130",2,41,0,0
"1131",2,461,0,0
"1132",2,41,0,0
"1133",2,41,0,0
"1134",2,57,0,0
"1135",2,39,0,0
"1136",2,61,0,0
"1137",2,61,0,0
"1138",2,61,0,0
"1139",2,461,0,0
"1140",2,461,0,0
"1141",2,47,0,0
"1142",2,61,0,0
"1143",2,57,0,0
"1144",2,132,0,0
"1145",2,47,0,0
"1146",2,48,0,0
"1147",2,60,0,0
"1148",2,117,0,0
"1149",2,47,0,0
"1150",2,461,0,0
"1151",2,40,0,0
"1152",2,461,0,0
"1153",2,48,0,0
"1154",2,49,0,0
"1155",2,461,0,0
"1156",2,4,0,0
"1157",2,61,0,0
"1158",2,61,0,0
"1159",2,128,0,0
"1160",2,41,0,0
"1161",2,45,0,0
"1162",2,461,0,0
"1163",2,49,0,0
"1164",2,41,0,0
"1165",2,462,0,0
"1166",2,47,0,0
"1167",2,41,0,0
"1168",2,37,0,0
"1169",2,461,0,0
"1170",2,40,0,0
"1171",2,49,0,0
"1172",2,49,0,0
"1173",2,117,0,0
"1174",2,43,0,0
"1175",2,39,0,0
"1176",2,116,0,0
"1177",2,82,0,0
"1178",2,48,0,0
"1179",2,43,0,0
"1180",2,249,0,0
"1181",2,37,0,0
"1182",2,37,0,0
"1183",2,40,0,0
"1184",2,43,0,0
"1185",2,461,0,0
"1186",2,56,0,0
"1187",2,80,0,0
"1188",2,38,0,0
"1189",2,46,0,0
"1190",2,43,0,0
"1191",2,43,0,0
"1192",2,133,0,0
"1193",3,463,0,0
"1194",2,61,0,0
"1195",2,461,0,0
"1196",2,47,0,0
"1197",2,129,0,0
"1198",2,38,0,0
"1199",2,82,0,0
"1200",2,211,0,0
"1201",2,61,0,0
"1202",2,39,0,0
"1203",2,461,0,0
"1204",2,37,0,0
"1205",2,48,0,0
"1206",2,43,0,0
"1207",2,57,0,0
"1208",2,49,0,0
"1209",2,41,0,0
"1210",2,39,0,0
"1211",2,43,0,0
"1212",2,117,0,0
"1213",2,80,0,0
"1214",2,461,0,0
"1215",2,117,0,0
"1216",2,39,0,0
"1217",2,41,0,0
"1218",2,134,0,0
"1219",2,39,0,0
"1220",2,129,0,0
"1221",2,41,0,0
"1222",2,39,0,0
"1223",2,39,0,0
"1224",2,143,0,0
"1225",2,153,0,0
"1226",2,52,0,0
"1227",3,335,0,0
"1228",2,218,0,0
"1229",2,43,0,0
"1230",2,117,0,0
"1231",2,61,0,0
"1232",2,128,0,0
"1233",2,39,0,0
"1234",2,61,0,0
"1235",2,47,0,0
"1236",2,49,0,0
"1237",2,48,0,0
"1238",2,79,0,0
"1239",2,40,0,0
"1240",2,39,0,0
"1241",2,56,0,0
"1242",2,39,0,0
"1243",2,56,0,0
"1244",2,116,0,0
"1245",2,462,0,0
"1246",2,41,0,0
"1247",2,57,0,0
"1248",1,48,0,0
"1249",2,47,0,0
"1250",2,121,0,0
"1251",2,39,0,0
"1252",2,46,0,0
"1253",2,43,0,0
"1254",2,72,0,0
"1255",2,47,0,0
"1256",3,464,0,0
"1257",2,72,0,0
"1258",2,54,0,0
"1259",2,61,0,0
"1260",2,48,0,0
"1261",2,129,0,0
"1262",2,143,0,0
"1263",2,461,0,0
"1264",2,60,0,0
"1265",2,39,0,0
"1266",2,38,0,0
"1267",2,116,0,0
"1268",2,61,0,0
"1269",2,72,0,0
"1270",2,46,0,0
"1271",2,56,0,0
"1272",2,129,0,0
"1273",2,214,0,0
"1274",2,250,0,0
"1275",2,462,0,0
"1276",2,49,0,0
"1277",2,47,0,0
"1278",1,462,0,0
"1279",2,40,0,0
"1280",2,205,0,0
"1281",2,116,0,0
"1282",2,57,0,0
"1283",2,215,0,0
"1284",2,48,0,0
"1285",2,57,0,0
"1286",2,47,0,0
"1287",2,249,0,0
"1288",2,54,0,0
"1289",2,40,0,0
"1290",2,49,0,0
"1291",2,57,0,0
"1292",2,54,0,0
"1293",2,72,0,0
"1294",2,59,0,0
"1295",2,116,0,0
"1296",2,56,0,0
"1297",2,80,0,0
"1298",2,47,0,0
"1299",2,57,0,0
"1300",2,56,0,0
"1301",2,117,0,0
"1302",2,39,0,0
"1303",2,48,0,0
"1304",2,49,0,0
"1305",2,56,0,0
"1306",1,37,0,0
"1307",2,465,0,0
"1308",2,46,0,0
"1309",2,56,0,0
"1310",2,82,0,0
"1311",2,61,0,0
"1312",2,248,0,0
"1313",2,116,0,0
"1314",2,37,0,0
"1315",2,48,0,0
"1316",2,39,0,0
"1317",2,216,0,0
"1318",2,82,0,0
"1319",2,462,0,0
"1320",2,249,0,0
"1321",2,131,0,0
"1322",2,46,0,0
"1323",2,52,0,0
"1324",2,48,0,0
"1325",2,216,0,0
"1326",2,117,0,0
"1327",2,72,0,0
"1328",2,47,0,0
"1329",2,4,0,0
"1330",2,2,0,0
"1331",2,79,0,0
"1332",2,44,0,0
"1333",2,72,0,0
"1334",2,462,0,0
"1335",2,82,0,0
"1336",2,59,0,0
"1337",2,129,0,0
"1338",2,54,0,0
"1339",2,277,0,0
"1340",2,70,0,0
"1341",2,43,0,0
"1342",2,56,0,0
"1343",2,59,0,0
"1344",2,116,0,0
"1345",2,277,0,0
"1346",2,235,0,0
"1347",2,74,0,0
"1348",2,100,0,0
"1349",1,57,0,0
"1350",2,49,0,0
"1351",2,117,0,0
"1352",2,180,0,0
"1353",2,59,0,0
"1354",2,123,0,0
"1355",2,121,0,0
"1356",2,129,0,0
"1357",2,54,0,0
"1358",2,48,0,0
"1359",2,37,0,0
"1360",2,116,0,0
"1361",2,461,0,0
"1362",2,132,0,0
"1363",2,39,0,0
"1364",2,57,0,0
"1365",2,48,0,0
"1366",2,41,0,0
"1367",2,129,0,0
"1368",2,47,0,0
"1369",2,4,0,0
"1370",2,56,0,0
"1371",2,49,0,0
"1372",2,38,0,0
"1373",2,39,0,0
"1374",2,166,0,0
"1375",2,38,0,0
"1376",2,37,0,0
"1377",2,462,0,0
"1378",2,59,0,0
"1379",2,54,0,0
"1380",2,58,0,0
"1381",2,214,0,0
"1382",2,284,0,0
"1383",2,117,0,0
"1384",2,233,0,0
"1385",2,132,0,0
"1386",2,127,0,0
"1387",2,90,0,0
"1388",3,5,0,0
"1389",2,42,0,0
"1390",2,6,0,0
"1391",3,42,0,0
"1392",2,143,0,0
"1393",2,72,0,0
"1394",2,128,0,0
"1395",2,80,0,0
"1396",2,57,0,0
"1397",2,249,0,0
"1398",2,232,0,0
"1399",2,45,0,0
"1400",4,116,0,0
"1401",2,54,0,0
"1402",2,38,0,0
"1403",2,37,0,0
"1404",2,40,0,0
"1405",2,116,0,0
"1406",2,40,0,0
"1407",2,82,0,0
"1408",2,39,0,0
"1409",2,47,0,0
"1410",2,57,0,0
"1411",2,43,0,0
"1412",2,72,0,0
"1413",2,57,0,0
"1414",2,37,0,0
"1415",2,37,0,0
"1416",2,43,0,0
"1417",1,132,0,0
"1418",2,44,0,0
"1419",2,132,0,0
"1420",2,129,0,0
"1421",2,49,0,0
"1422",2,218,0,0
"1423",2,49,0,0
"1424",2,250,0,0
"1425",2,72,0,0
"1426",2,43,0,0
"1427",2,117,0,0
"1428",2,272,0,0
"1429",2,40,0,0
"1430",2,40,0,0
"1431",2,132,0,0
"1432",2,129,0,0
"1433",2,232,0,0
"1434",2,54,0,0
"1435",2,307,0,0
"1436",2,57,0,0
"1437",2,45,0,0
"1438",2,44,0,0
"1439",2,462,0,0
"1440",2,45,0,0
"1441",2,44,0,0
"1442",2,61,0,0
"1443",20,121,0,0
"1444",2,54,0,0
"1445",2,72,0,0
"1446",2,39,0,0
"1447",2,121,0,0
"1448",2,30,0,0
"1449",2,46,0,0
"1450",2,72,0,0
"1451",2,82,0,0
"1452",2,57,0,0
"1453",2,43,0,0
"1454",3,2,0,0
"1455",2,84,0,0
"1456",2,90,0,0
"1457",2,352,0,0
"1458",2,128,0,0
"1459",2,40,0,0
"1460",2,41,0,0
"1461",2,117,0,0
"1462",2,47,0,0
"1463",2,47,0,0
"1464",2,54,0,0
"1465",2,277,0,0
"1466",2,72,0,0
"1467",2,71,0,0
"1468",2,137,0,0
"1469",2,39,0,0
"1470",2,90,0,0
"1471",2,45,0,0
"1472",3,46,0,0
"1473",3,4,0,0
"1474",3,211,0,0
"1475",3,132,0,0
"1476",3,129,0,0
"1477",2,47,0,0
"1478",2,40,0,0
"1479",2,56,0,0
"1480",2,41,0,0
"1481",2,72,0,0
"1482",2,43,0,0
"1483",2,54,0,0
"1484",2,46,0,0
"1485",2,121,0,0
"1486",2,54,0,0
"1487",2,49,0,0
"1488",2,58,0,0
"1489",2,72,0,0
"1490",2,462,0,0
"1491",2,120,0,0
"1492",2,466,0,0
"1493",2,131,0,0
"1494",2,38,0,0
"1495",2,143,0,0
"1496",2,179,0,0
"1497",2,37,0,0
"1498",1,115,0,0
"1499",2,218,0,0
"1500",2,78,0,0
"1501",1,205,0,0
"1502",2,217,0,0
"1503",2,38,0,0
"1504",2,51,0,0
"1505",2,46,0,0
"1506",2,130,0,0
"1507",2,59,0,0
"1508",2,128,0,0
"1509",2,40,0,0
"1510",2,56,0,0
"1511",2,249,0,0
"1512",2,58,0,0
"1513",2,116,0,0
"1514",2,51,0,0
"1515",2,46,0,0
"1516",2,214,0,0
"1517",2,216,0,0
"1518",2,232,0,0
"1519",2,47,0,0
"1520",2,38,0,0
"1521",2,205,0,0
"1522",2,79,0,0
"1523",2,46,0,0
"1524",2,216,0,0
"1525",2,81,0,0
"1526",2,78,0,0
"1527",3,329,0,0
"1528",2,291,0,0
"1529",2,127,0,0
"1530",2,276,0,0
"1531",2,137,0,0
"1532",2,78,0,0
"1533",3,277,0,0
"1534",2,250,0,0
"1535",2,153,0,0
"1536",2,335,0,0
"1537",2,47,0,0
"1538",2,197,0,0
"1539",2,79,0,0
"1540",1,116,0,0
"1541",2,467,0,0
"1542",2,306,0,0
"1543",2,468,0,0
"1544",2,80,0,0
"1545",2,214,0,0
"1546",2,278,0,0
"1547",1,56,0,0
"1548",2,40,0,0
"1549",2,43,0,0
"1550",2,47,0,0
"1551",2,311,0,0
"1552",2,59,0,0
"1553",2,77,0,0
"1554",2,126,0,0
"1555",2,57,0,0
"1556",2,143,0,0
"1557",1,43,0,0
"1558",2,81,0,0
"1559",2,132,0,0
"1560",2,82,0,0
"1561",2,78,0,0
"1562",2,205,0,0
"1563",3,55,0,0
"1564",2,37,0,0
"1565",2,462,0,0
"1566",2,143,0,0
"1567",2,235,0,0
"1568",2,82,0,0
"1569",2,49,0,0
"1570",2,57,0,0
"1571",2,116,0,0
"1572",2,43,0,0
"1573",2,40,0,0
"1574",2,123,0,0
"1575",2,47,0,0
"1576",2,304,0,0
"1577",2,43,0,0
"1578",3,137,0,0
"1579",2,231,0,0
"1580",1,129,0,0
"1581",2,57,0,0
"1582",1,39,0,0
"1583",2,49,0,0
"1584",2,55,0,0
"1585",2,61,0,0
"1586",2,37,0,0
"1587",2,47,0,0
"1588",2,43,0,0
"1589",2,125,0,0
"1590",2,44,0,0
"1591",2,49,0,0
"1592",4,11,0,0
"1593",2,32,0,0
"1594",2,43,0,0
"1595",2,58,0,0
"1596",2,43,0,0
"1597",2,163,0,0
"1598",2,117,0,0
"1599",2,181,0,0
"1600",2,469,0,0
"1601",2,335,0,0
"1602",2,49,0,0
"1603",2,470,0,0
"1604",2,40,0,0
"1605",2,218,0,0
"1606",2,58,0,0
"1607",2,57,0,0
"1608",2,67,0,0
"1609",2,43,0,0
"1610",2,90,0,0
"1611",2,58,0,0
"1612",2,49,0,0
"1613",2,167,0,0
"1614",2,48,0,0
"1615",2,116,0,0
"1616",3,181,0,0
"1617",2,132,0,0
"1618",2,81,0,0
"1619",2,218,0,0
"1620",2,55,0,0
"1621",2,6,0,0
"1622",2,116,0,0
"1623",2,43,0,0
"1624",2,46,0,0
"1625",2,97,0,0
"1626",2,143,0,0
"1627",2,121,0,0
"1628",2,78,0,0
"1629",2,129,0,0
"1630",2,180,0,0
"1631",2,153,0,0
"1632",2,59,0,0
"1633",2,82,0,0
"1634",2,128,0,0
"1635",2,205,0,0
"1636",2,45,0,0
"1637",2,49,0,0
"1638",2,117,0,0
"1639",2,316,0,0
"1640",2,116,0,0
"1641",2,307,0,0
"1642",2,72,0,0
"1643",2,462,0,0
"1644",2,121,0,0
"1645",2,49,0,0
"1646",2,299,0,0
"1647",2,40,0,0
"1648",2,38,0,0
"1649",2,39,0,0
"1650",2,43,0,0
"1651",2,39,0,0
"1652",2,47,0,0
"1653",2,41,0,0
"1654",2,46,0,0
"1655",2,40,0,0
"1656",2,56,0,0
"1657",2,37,0,0
"1658",2,61,0,0
"1659",2,48,0,0
"1660",2,49,0,0
"1661",2,56,0,0
"1662",2,121,0,0
"1663",2,54,0,0
"1664",2,57,0,0
"1665",2,128,0,0
"1666",2,169,0,0
"1667",2,248,0,0
"1668",2,121,0,0
"1669",2,211,0,0
"1670",2,38,0,0
"1671",2,57,0,0
"1672",2,55,0,0
"1673",2,462,0,0
"1674",2,125,0,0
"1675",2,42,0,0
"1676",2,121,0,0
"1677",2,49,0,0
"1678",2,132,0,0
"1679",2,49,0,0
"1680",2,57,0,0
"1681",2,133,0,0
"1682",2,116,0,0
"1683",2,57,0,0
"1684",2,43,0,0
"1685",2,82,0,0
"1686",2,158,0,0
"1687",2,77,0,0
"1688",2,216,0,0
"1689",2,129,0,0
"1690",2,123,0,0
"1691",2,75,0,0
"1692",1,215,0,0
"1693",2,166,0,0
"1694",2,462,0,0
"1695",2,46,0,0
"1696",2,55,0,0
"1697",2,82,0,0
"1698",2,37,0,0
"1699",2,49,0,0
"1700",2,117,0,0
"1701",2,73,0,0
"1702",2,38,0,0
"1703",2,55,0,0
"1704",2,37,0,0
"1705",2,84,0,0
"1706",2,116,0,0
"1707",2,54,0,0
"1708",2,45,0,0
"1709",2,58,0,0
"1710",2,52,0,0
"1711",2,120,0,0
"1712",2,129,0,0
"1713",2,115,0,0
"1714",2,277,0,0
"1715",2,72,0,0
"1716",2,38,0,0
"1717",2,56,0,0
"1718",2,126,0,0
"1719",2,126,0,0
"1720",2,350,0,0
"1721",2,3,0,0
"1722",2,216,0,0
"1723",1,49,0,0
"1724",2,117,0,0
"1725",2,72,0,0
"1726",2,56,0,0
"1727",2,43,0,0
"1728",2,49,0,0
"1729",2,38,0,0
"1730",2,54,0,0
"1731",2,127,0,0
"1732",2,40,0,0
"1733",2,82,0,0
"1734",2,57,0,0
"1735",2,137,0,0
"1736",2,462,0,0
"1737",2,120,0,0
"1738",2,218,0,0
"1739",2,167,0,0
"1740",2,44,0,0
"1741",2,123,0,0
"1742",2,230,0,0
"1743",2,165,0,0
"1744",2,38,0,0
"1745",2,462,0,0
"1746",2,45,0,0
"1747",2,51,0,0
"1748",2,49,0,0
"1749",2,46,0,0
"1750",2,53,0,0
"1751",2,53,0,0
"1752",2,118,0,0
"1753",2,58,0,0
"1754",2,467,0,0
"1755",2,46,0,0
"1756",2,249,0,0
"1757",2,71,0,0
"1758",1,132,0,0
"1759",2,130,0,0
"1760",2,58,0,0
"1761",2,59,0,0
"1762",2,121,0,0
"1763",2,120,0,0
"1764",2,129,0,0
"1765",2,54,0,0
"1766",2,43,0,0
"1767",2,167,0,0
"1768",2,166,0,0
"1769",2,40,0,0
"1770",2,121,0,0
"1771",2,43,0,0
"1772",2,116,0,0
"1773",2,462,0,0
"1774",2,103,0,0
"1775",2,58,0,0
"1776",2,129,0,0
"1777",2,82,0,0
"1778",2,133,0,0
"1779",2,43,0,0
"1780",2,116,0,0
"1781",2,116,0,0
"1782",2,41,0,0
"1783",2,48,0,0
"1784",2,40,0,0
"1785",2,133,0,0
"1786",2,167,0,0
"1787",2,462,0,0
"1788",2,97,0,0
"1789",2,37,0,0
"1790",2,52,0,0
"1791",2,76,0,0
"1792",2,72,0,0
"1793",2,121,0,0
"1794",2,46,0,0
"1795",2,121,0,0
"1796",2,11,0,0
"1797",2,132,0,0
"1798",2,58,0,0
"1799",2,2,0,0
"1800",2,316,0,0
"1801",2,116,0,0
"1802",2,72,0,0
"1803",2,231,0,0
"1804",2,120,0,0
"1805",2,96,0,0
"1806",2,71,0,0
"1807",2,130,0,0
"1808",2,6,0,0
"1809",2,132,0,0
"1810",2,129,0,0
"1811",2,289,0,0
"1812",2,230,0,0
"1813",2,75,0,0
"1814",2,49,0,0
"1815",2,37,0,0
"1816",2,248,0,0
"1817",2,250,0,0
"1818",2,37,0,0
"1819",2,117,0,0
"1820",2,41,0,0
"1821",2,51,0,0
"1822",2,47,0,0
"1823",1,75,0,0
"1824",2,123,0,0
"1825",2,129,0,0
"1826",2,128,0,0
"1827",2,39,0,0
"1828",2,54,0,0
"1829",2,44,0,0
"1830",2,128,0,0
"1831",2,115,0,0
"1832",2,44,0,0
"1833",2,55,0,0
"1834",2,45,0,0
"1835",2,79,0,0
"1836",2,471,0,0
"1837",2,250,0,0
"1838",2,248,0,0
"1839",2,71,0,0
"1840",2,259,0,0
"1841",2,299,0,0
"1842",2,51,0,0
"1843",2,56,0,0
"1844",2,37,0,0
"1845",2,39,0,0
"1846",2,6,0,0
"1847",2,57,0,0
"1848",2,72,0,0
"1849",2,128,0,0
"1850",2,121,0,0
"1851",2,74,0,0
"1852",2,77,0,0
"1853",3,73,0,0
"1854",2,72,0,0
"1855",2,47,0,0
"1856",2,44,0,0
"1857",2,117,0,0
"1858",2,78,0,0
"1859",2,80,0,0
"1860",2,472,0,0
"1861",1,123,0,0
"1862",2,216,0,0
"1863",2,75,0,0
"1864",2,72,0,0
"1865",2,43,0,0
"1866",2,117,0,0
"1867",2,248,0,0
"1868",2,116,0,0
"1869",2,133,0,0
"1870",2,82,0,0
"1871",2,59,0,0
"1872",2,473,0,0
"1873",2,153,0,0
"1874",2,316,0,0
"1875",2,191,0,0
"1876",2,77,0,0
"1877",2,135,0,0
"1878",2,306,0,0
"1879",2,72,0,0
"1880",2,250,0,0
"1881",2,72,0,0
"1882",2,49,0,0
"1883",2,123,0,0
"1884",2,57,0,0
"1885",2,93,0,0
"1886",2,306,0,0
"1887",2,40,0,0
"1888",2,6,0,0
"1889",2,51,0,0
"1890",2,41,0,0
"1891",1,312,0,0
"1892",2,37,0,0
"1893",2,38,0,0
"1894",2,58,0,0
"1895",2,73,0,0
"1896",2,129,0,0
"1897",2,180,0,0
"1898",2,73,0,0
"1899",2,124,0,0
"1900",2,209,0,0
"1901",2,216,0,0
"1902",2,56,0,0
"1903",2,40,0,0
"1904",2,79,0,0
"1905",2,77,0,0
"1906",2,233,0,0
"1907",2,48,0,0
"1908",2,249,0,0
"1909",2,39,0,0
"1910",2,58,0,0
"1911",2,128,0,0
"1912",2,312,0,0
"1913",2,38,0,0
"1914",2,233,0,0
"1915",2,82,0,0
"1916",2,58,0,0
"1917",2,415,0,0
"1918",2,128,0,0
"1919",2,134,0,0
"1920",2,46,0,0
"1921",2,118,0,0
"1922",2,339,0,0
"1923",2,442,0,0
"1924",2,232,0,0
"1925",2,45,0,0
"1926",2,58,0,0
"1927",2,116,0,0
"1928",2,28,0,0
"1929",2,128,0,0
"1930",2,128,0,0
"1931",2,129,0,0
"1932",2,167,0,0
"1933",2,81,0,0
"1934",2,120,0,0
"1935",2,97,0,0
"1936",2,205,0,0
"1937",2,116,0,0
"1938",2,4,0,0
"1939",2,77,0,0
"1940",2,277,0,0
"1941",2,2,0,0
"1942",2,11,0,0
"1943",2,134,0,0
"1944",2,164,0,0
"1945",2,350,0,0
"1946",2,116,0,0
"1947",2,248,0,0
"1948",2,133,0,0
"1949",2,205,0,0
"1950",2,128,0,0
"1951",2,44,0,0
"1952",2,474,0,0
"1953",2,46,0,0
"1954",2,475,0,0
"1955",2,110,0,0
"1956",2,56,0,0
"1957",2,55,0,0
"1958",2,121,0,0
"1959",2,450,0,0
"1960",2,120,0,0
"1961",2,127,0,0
"1962",2,55,0,0
"1963",2,235,0,0
"1964",2,216,0,0
"1965",2,59,0,0
"1966",2,37,0,0
"1967",2,90,0,0
"1968",2,129,0,0
"1969",2,233,0,0
"1970",2,52,0,0
"1971",2,117,0,0
"1972",2,218,0,0
"1973",2,40,0,0
"1974",2,106,0,0
"1975",2,248,0,0
"1976",2,166,0,0
"1977",2,123,0,0
"1978",2,115,0,0
"1979",2,52,0,0
"1980",2,46,0,0
"1981",2,167,0,0
"1982",2,56,0,0
"1983",2,53,0,0
"1984",2,250,0,0
"1985",2,153,0,0
"1986",2,248,0,0
"1987",2,6,0,0
"1988",2,166,0,0
"1989",2,299,0,0
"1990",2,71,0,0
"1991",2,121,0,0
"1992",2,216,0,0
"1993",2,44,0,0
"1994",2,121,0,0
"1995",2,249,0,0
"1996",2,470,0,0
"1997",2,123,0,0
"1998",2,55,0,0
"1999",2,232,0,0
"2000",2,130,0,0
"2001",2,43,0,0
"2002",2,307,0,0
"2003",2,216,0,0
"2004",2,72,0,0
"2005",2,37,0,0
"2006",2,73,0,0
"2007",2,166,0,0
"2008",2,45,0,0
"2009",2,277,0,0
"2010",2,128,0,0
"2011",2,193,0,0
"2012",2,6,0,0
"2013",2,233,0,0
"2014",2,232,0,0
"2015",2,153,0,0
"2016",2,51,0,0
"2017",2,46,0,0
"2018",2,57,0,0
"2019",2,46,0,0
"2020",3,316,0,0
"2021",2,167,0,0
"2022",2,46,0,0
"2023",2,463,0,0
"2024",3,151,0,0
"2025",2,415,0,0
"2026",2,409,0,0
"2027",2,211,0,0
"2028",2,127,0,0
"2029",2,464,0,0
"2030",2,38,0,0
"2031",2,117,0,0
"2032",2,205,0,0
"2033",2,46,0,0
"2034",2,114,0,0
"2035",2,54,0,0
"2036",2,47,0,0
"2037",2,179,0,0
"2038",2,163,0,0
"2039",2,81,0,0
"2040",2,130,0,0
"2041",2,55,0,0
"2042",2,233,0,0
"2043",2,133,0,0
"2044",2,5,0,0
"2045",2,99,0,0
"2046",2,233,0,0
"2047",2,38,0,0
"2048",2,248,0,0
"2049",2,127,0,0
"2050",2,44,0,0
"2051",2,79,0,0
"2052",2,462,0,0
"2053",2,4,0,0
"2054",2,121,0,0
"2055",2,128,0,0
"2056",2,73,0,0
"2057",2,40,0,0
"2058",2,82,0,0
"2059",2,214,0,0
"2060",2,125,0,0
"2061",2,55,0,0
"2062",2,458,0,0
"2063",2,250,0,0
"2064",2,233,0,0
"2065",2,45,0,0
"2066",2,49,0,0
"2067",2,77,0,0
"2068",2,216,0,0
"2069",2,131,0,0
"2070",2,197,0,0
"2071",2,349,0,0
"2072",2,37,0,0
"2073",2,129,0,0
"2074",2,476,0,0
"2075",2,52,0,0
"2076",2,81,0,0
"2077",2,158,0,0
"2078",2,185,0,0
"2079",2,250,0,0
"2080",2,54,0,0
"2081",2,4,0,0
"2082",2,121,0,0
"2083",2,42,0,0
"2084",2,134,0,0
"2085",2,85,0,0
"2086",2,132,0,0
"2087",2,110,0,0
"2088",2,45,0,0
"2089",2,40,0,0
"2090",2,59,0,0
"2091",2,128,0,0
"2092",2,180,0,0
"2093",2,216,0,0
"2094",2,37,0,0
"2095",2,143,0,0
"2096",2,277,0,0
"2097",2,51,0,0
"2098",2,59,0,0
"2099",2,116,0,0
"2100",2,79,0,0
"2101",2,153,0,0
"2102",2,121,0,0
"2103",2,49,0,0
"2104",2,40,0,0
"2105",2,230,0,0
"2106",2,51,0,0
"2107",2,38,0,0
"2108",2,130,0,0
"2109",2,211,0,0
"2110",2,463,0,0
"2111",2,4,0,0
"2112",2,42,0,0
"2113",2,216,0,0
"2114",2,43,0,0
"2115",2,51,0,0
"2116",2,6,0,0
"2117",2,232,0,0
"2118",2,77,0,0
"2119",2,6,0,0
"2120",2,44,0,0
"2121",2,97,0,0
"2122",2,54,0,0
"2123",2,121,0,0
"2124",2,312,0,0
"2125",2,57,0,0
"2126",2,166,0,0
"2127",3,79,0,0
"2128",2,44,0,0
"2129",2,232,0,0
"2130",2,117,0,0
"2131",2,132,0,0
"2132",2,133,0,0
"2133",2,277,0,0
"2134",2,123,0,0
"2135",2,55,0,0
"2136",2,205,0,0
"2137",2,77,0,0
"2138",2,44,0,0
"2139",2,56,0,0
"2140",2,46,0,0
"2141",2,57,0,0
"2142",2,40,0,0
"2143",2,44,0,0
"2144",2,205,0,0
"2145",2,248,0,0
"2146",2,44,0,0
"2147",2,462,0,0
"2148",2,235,0,0
"2149",3,125,0,0
"2150",2,80,0,0
"2151",2,58,0,0
"2152",2,54,0,0
"2153",2,129,0,0
"2154",2,49,0,0
"2155",2,77,0,0
"2156",2,186,0,0
"2157",2,231,0,0
"2158",2,71,0,0
"2159",2,135,0,0
"2160",2,463,0,0
"2161",1,216,0,0
"2162",2,75,0,0
"2163",2,131,0,0
"2164",2,165,0,0
"2165",2,339,0,0
"2166",2,278,0,0
"2167",2,127,0,0
"2168",2,214,0,0
"2169",2,55,0,0
"2170",2,216,0,0
"2171",2,39,0,0
"2172",2,94,0,0
"2173",2,121,0,0
"2174",2,134,0,0
"2175",2,477,0,0
"2176",2,335,0,0
"2177",2,416,0,0
"2178",2,97,0,0
"2179",2,70,0,0
"2180",2,300,0,0
"2181",2,47,0,0
"2182",2,6,0,0
"2183",2,459,0,0
"2184",2,95,0,0
"2185",2,478,0,0
"2186",2,338,0,0
"2187",2,43,0,0
"2188",2,47,0,0
"2189",2,44,0,0
"2190",2,449,0,0
"2191",2,55,0,0
"2192",2,257,0,0
"2193",2,301,0,0
"2194",2,216,0,0
"2195",2,116,0,0
"2196",2,38,0,0
"2197",2,82,0,0
"2198",2,55,0,0
"2199",2,38,0,0
"2200",2,116,0,0
"2201",2,130,0,0
"2202",2,103,0,0
"2203",2,85,0,0
"2204",2,242,0,0
"2205",3,479,0,0
"2206",2,110,0,0
"2207",2,480,0,0
"2208",2,53,0,0
"2209",2,310,0,0
"2210",2,128,0,0
"2211",2,120,0,0
"2212",2,54,0,0
"2213",2,129,0,0
"2214",2,143,0,0
"2215",2,56,0,0
"2216",2,54,0,0
"2217",2,39,0,0
"2218",2,214,0,0
"2219",2,55,0,0
"2220",2,44,0,0
"2221",3,363,0,0
"2222",3,66,0,0
"2223",3,168,0,0
"2224",3,481,0,0
"2225",3,316,0,0
"2226",3,286,0,0
"2227",3,85,0,0
"2228",2,95,0,0
"2229",3,193,0,0
"2230",2,178,0,0
"2231",2,239,0,0
"2232",2,88,0,0
"2233",3,482,0,0
"2234",2,97,0,0
"2235",2,44,0,0
"2236",2,129,0,0
"2237",2,129,0,0
"2238",2,462,0,0
"2239",2,112,0,0
"2240",2,58,0,0
"2241",2,411,0,0
"2242",2,218,0,0
"2243",2,74,0,0
"2244",2,214,0,0
"2245",2,45,0,0
"2246",2,205,0,0
"2247",2,40,0,0
"2248",2,43,0,0
"2249",2,53,0,0
"2250",2,82,0,0
"2251",2,472,0,0
"2252",2,80,0,0
"2253",2,277,0,0
"2254",2,250,0,0
"2255",2,92,0,0
"2256",2,180,0,0
"2257",2,248,0,0
"2258",2,78,0,0
"2259",2,483,0,0
"2260",2,214,0,0
"2261",2,176,0,0
"2262",2,316,0,0
"2263",2,70,0,0
"2264",2,352,0,0
"2265",2,153,0,0
"2266",2,218,0,0
"2267",2,484,0,0
"2268",2,77,0,0
"2269",2,49,0,0
"2270",2,3,0,0
"2271",2,52,0,0
"2272",2,54,0,0
"2273",2,71,0,0
"2274",2,52,0,0
"2275",2,45,0,0
"2276",2,73,0,0
"2277",2,2,0,0
"2278",2,64,0,0
"2279",2,212,0,0
"2280",2,143,0,0
"2281",2,45,0,0
"2282",2,43,0,0
"2283",2,48,0,0
"2284",2,56,0,0
"2285",2,79,0,0
"2286",2,143,0,0
"2287",2,54,0,0
"2288",2,46,0,0
"2289",2,191,0,0
"2290",2,248,0,0
"2291",2,74,0,0
"2292",2,58,0,0
"2293",2,248,0,0
"2294",2,58,0,0
"2295",2,116,0,0
"2296",2,43,0,0
"2297",2,129,0,0
"2298",2,72,0,0
"2299",2,37,0,0
"2300",2,72,0,0
"2301",2,37,0,0
"2302",2,117,0,0
"2303",2,37,0,0
"2304",2,72,0,0
"2305",2,128,0,0
"2306",2,129,0,0
"2307",2,59,0,0
"2308",2,51,0,0
"2309",2,40,0,0
"2310",2,166,0,0
"2311",2,121,0,0
"2312",2,277,0,0
"2313",2,38,0,0
"2314",2,72,0,0
"2315",2,166,0,0
"2316",2,48,0,0
"2317",2,40,0,0
"2318",2,97,0,0
"2319",2,55,0,0
"2320",2,51,0,0
"2321",2,38,0,0
"2322",2,73,0,0
"2323",2,249,0,0
"2324",2,4,0,0
"2325",2,95,0,0
"2326",2,43,0,0
"2327",2,77,0,0
"2328",2,283,0,0
"2329",2,211,0,0
"2330",2,115,0,0
"2331",2,46,0,0
"2332",2,46,0,0
"2333",2,205,0,0
"2334",2,205,0,0
"2335",3,132,0,0
"2336",2,485,0,0
"2337",2,130,0,0
"2338",2,283,0,0
"2339",2,126,0,0
"2340",2,127,0,0
"2341",2,232,0,0
"2342",2,130,0,0
"2343",2,424,0,0
"2344",2,302,0,0
"2345",2,456,0,0
"2346",2,284,0,0
"2347",2,357,0,0
"2348",2,126,0,0
"2349",2,85,0,0
"2350",2,129,0,0
"2351",2,179,0,0
"2352",2,40,0,0
"2353",2,120,0,0
"2354",2,232,0,0
"2355",2,95,0,0
"2356",2,181,0,0
"2357",2,239,0,0
"2358",2,134,0,0
"2359",2,44,0,0
"2360",2,73,0,0
"2361",2,46,0,0
"2362",2,96,0,0
"2363",2,96,0,0
"2364",2,133,0,0
"2365",2,51,0,0
"2366",2,216,0,0
"2367",2,57,0,0
"2368",2,239,0,0
"2369",2,151,0,0
"2370",1,45,0,0
"2371",2,166,0,0
"2372",2,486,0,0
"2373",2,166,0,0
"2374",2,93,0,0
"2375",2,282,0,0
"2376",2,181,0,0
"2377",2,169,0,0
"2378",2,51,0,0
"2379",2,234,0,0
"2380",2,89,0,0
"2381",2,54,0,0
"2382",2,487,0,0
"2383",2,488,0,0
"2384",2,59,0,0
"2385",2,298,0,0
"2386",2,489,0,0
"2387",2,175,0,0
"2388",2,153,0,0
"2389",3,146,0,0
"2390",2,490,0,0
"2391",2,249,0,0
"2392",2,462,0,0
"2393",2,216,0,0
"2394",2,82,0,0
"2395",2,143,0,0
"2396",2,40,0,0
"2397",2,103,0,0
"2398",2,167,0,0
"2399",2,82,0,0
"2400",2,239,0,0
"2401",1,100,0,0
"2402",2,54,0,0
"2403",2,76,0,0
"2404",2,211,0,0
"2405",2,214,0,0
"2406",2,357,0,0
"2407",2,462,0,0
"2408",2,491,0,0
"2409",2,121,0,0
"2410",2,232,0,0
"2411",2,120,0,0
"2412",2,3,0,0
"2413",2,349,0,0
"2414",2,72,0,0
"2415",2,74,0,0
"2416",2,103,0,0
"2417",2,191,0,0
"2418",2,45,0,0
"2419",2,232,0,0
"2420",2,54,0,0
"2421",2,38,0,0
"2422",2,44,0,0
"2423",2,357,0,0
"2424",2,153,0,0
"2425",2,125,0,0
"2426",2,121,0,0
"2427",2,79,0,0
"2428",2,459,0,0
"2429",2,138,0,0
"2430",2,166,0,0
"2431",2,249,0,0
"2432",2,310,0,0
"2433",2,4,0,0
"2434",2,51,0,0
"2435",2,205,0,0
"2436",2,127,0,0
"2437",2,80,0,0
"2438",2,74,0,0
"2439",2,72,0,0
"2440",2,249,0,0
"2441",2,75,0,0
"2442",2,134,0,0
"2443",2,82,0,0
"2444",2,216,0,0
"2445",2,216,0,0
"2446",2,153,0,0
"2447",2,4,0,0
"2448",2,128,0,0
"2449",2,205,0,0
"2450",2,54,0,0
"2451",2,52,0,0
"2452",2,39,0,0
"2453",2,41,0,0
"2454",2,74,0,0
"2455",2,239,0,0
"2456",2,79,0,0
"2457",2,48,0,0
"2458",2,116,0,0
"2459",2,82,0,0
"2460",2,289,0,0
"2461",2,301,0,0
"2462",2,305,0,0
"2463",2,41,0,0
"2464",2,127,0,0
"2465",2,394,0,0
"2466",2,45,0,0
"2467",2,81,0,0
"2468",2,77,0,0
"2469",2,317,0,0
"2470",2,484,0,0
"2471",2,159,0,0
"2472",2,492,0,0
"2473",2,173,0,0
"2474",2,231,0,0
"2475",2,91,0,0
"2476",2,93,0,0
"2477",2,233,0,0
"2478",2,138,0,0
"2479",2,239,0,0
"2480",2,59,0,0
"2481",2,215,0,0
"2482",2,45,0,0
"2483",2,38,0,0
"2484",2,103,0,0
"2485",2,493,0,0
"2486",2,134,0,0
"2487",2,143,0,0
"2488",2,357,0,0
"2489",2,167,0,0
"2490",2,129,0,0
"2491",2,143,0,0
"2492",2,71,0,0
"2493",2,179,0,0
"2494",2,46,0,0
"2495",2,75,0,0
"2496",2,128,0,0
"2497",2,131,0,0
"2498",2,166,0,0
"2499",2,120,0,0
"2500",2,306,0,0
"2501",2,218,0,0
"2502",2,115,0,0
"2503",2,46,0,0
"2504",2,30,0,0
"2505",2,11,0,0
"2506",2,49,0,0
"2507",2,51,0,0
"2508",2,250,0,0
"2509",2,38,0,0
"2510",2,205,0,0
"2511",2,45,0,0
"2512",2,72,0,0
"2513",2,58,0,0
"2514",1,239,0,0
"2515",2,32,0,0
"2516",2,123,0,0
"2517",2,205,0,0
"2518",2,128,0,0
"2519",1,121,0,0
"2520",2,58,0,0
"2521",2,45,0,0
"2522",2,124,0,0
"2523",2,248,0,0
"2524",2,334,0,0
"2525",2,2,0,0
"2526",2,494,0,0
"2527",2,307,0,0
"2528",2,132,0,0
"2529",2,72,0,0
"2530",2,73,0,0
"2531",2,218,0,0
"2532",2,454,0,0
"2533",2,88,0,0
"2534",2,127,0,0
"2535",2,75,0,0
"2536",2,52,0,0
"2537",2,426,0,0
"2538",2,53,0,0
"2539",2,88,0,0
"2540",2,179,0,0
"2541",2,493,0,0
"2542",2,78,0,0
"2543",2,97,0,0
"2544",2,5,0,0
"2545",2,100,0,0
"2546",2,77,0,0
"2547",2,57,0,0
"2548",2,44,0,0
"2549",2,72,0,0
"2550",2,105,0,0
"2551",2,45,0,0
"2552",2,121,0,0
"2553",2,47,0,0
"2554",2,191,0,0
"2555",2,55,0,0
"2556",2,495,0,0
"2557",2,40,0,0
"2558",2,52,0,0
"2559",2,250,0,0
"2560",2,77,0,0
"2561",2,250,0,0
"2562",2,85,0,0
"2563",2,491,0,0
"2564",2,166,0,0
"2565",2,462,0,0
"2566",2,131,0,0
"2567",2,277,0,0
"2568",2,80,0,0
"2569",2,249,0,0
"2570",2,75,0,0
"2571",2,4,0,0
"2572",2,46,0,0
"2573",2,78,0,0
"2574",2,277,0,0
"2575",2,79,0,0
"2576",2,496,0,0
"2577",2,4,0,0
"2578",2,79,0,0
"2579",2,394,0,0
"2580",2,469,0,0
"2581",2,118,0,0
"2582",2,80,0,0
"2583",2,170,0,0
"2584",2,44,0,0
"2585",3,235,0,0
"2586",2,211,0,0
"2587",2,245,0,0
"2588",2,77,0,0
"2589",2,120,0,0
"2590",2,73,0,0
"2591",2,472,0,0
"2592",2,120,0,0
"2593",2,48,0,0
"2594",2,216,0,0
"2595",2,130,0,0
"2596",2,214,0,0
"2597",2,83,0,0
"2598",2,59,0,0
"2599",2,250,0,0
"2600",2,469,0,0
"2601",2,123,0,0
"2602",2,254,0,0
"2603",2,77,0,0
"2604",2,81,0,0
"2605",2,205,0,0
"2606",2,300,0,0
"2607",2,276,0,0
"2608",2,306,0,0
"2609",2,59,0,0
"2610",2,462,0,0
"2611",2,73,0,0
"2612",2,45,0,0
"2613",2,211,0,0
"2614",2,126,0,0
"2615",2,106,0,0
"2616",2,497,0,0
"2617",2,342,0,0
"2618",2,249,0,0
"2619",2,4,0,0
"2620",2,128,0,0
"2621",2,205,0,0
"2622",2,205,0,0
"2623",2,233,0,0
"2624",2,45,0,0
"2625",2,133,0,0
"2626",2,342,0,0
"2627",2,232,0,0
"2628",2,127,0,0
"2629",2,115,0,0
"2630",2,120,0,0
"2631",2,123,0,0
"2632",2,81,0,0
"2633",2,143,0,0
"2634",2,42,0,0
"2635",2,248,0,0
"2636",2,342,0,0
"2637",2,167,0,0
"2638",2,456,0,0
"2639",2,71,0,0
"2640",2,5,0,0
"2641",2,498,0,0
"2642",2,43,0,0
"2643",2,43,0,0
"2644",2,54,0,0
"2645",2,64,0,0
"2646",2,57,0,0
"2647",2,38,0,0
"2648",2,127,0,0
"2649",2,49,0,0
"2650",1,46,0,0
"2651",2,499,0,0
"2652",2,181,0,0
"2653",2,299,0,0
"2654",2,233,0,0
"2655",2,214,0,0
"2656",2,128,0,0
"2657",2,126,0,0
"2658",2,135,0,0
"2659",2,51,0,0
"2660",2,277,0,0
"2661",2,127,0,0
"2662",2,205,0,0
"2663",2,93,0,0
"2664",2,491,0,0
"2665",2,248,0,0
"2666",2,86,0,0
"2667",2,79,0,0
"2668",2,121,0,0
"2669",2,131,0,0
"2670",2,5,0,0
"2671",2,179,0,0
"2672",2,128,0,0
"2673",2,249,0,0
"2674",2,90,0,0
"2675",2,4,0,0
"2676",2,232,0,0
"2677",2,51,0,0
"2678",2,81,0,0
"2679",2,97,0,0
"2680",2,74,0,0
"2681",2,55,0,0
"2682",2,277,0,0
"2683",2,75,0,0
"2684",2,211,0,0
"2685",2,46,0,0
"2686",2,72,0,0
"2687",2,45,0,0
"2688",2,4,0,0
"2689",2,47,0,0
"2690",2,218,0,0
"2691",2,248,0,0
"2692",3,500,0,0
"2693",2,151,0,0
"2694",2,330,0,0
"2695",2,205,0,0
"2696",2,78,0,0
"2697",2,277,0,0
"2698",2,74,0,0
"2699",2,82,0,0
"2700",2,45,0,0
"2701",2,5,0,0
"2702",2,74,0,0
"2703",2,277,0,0
"2704",2,68,0,0
"2705",2,117,0,0
"2706",2,79,0,0
"2707",2,72,0,0
"2708",2,249,0,0
"2709",2,3,0,0
"2710",2,43,0,0
"2711",2,166,0,0
"2712",2,72,0,0
"2713",2,121,0,0
"2714",2,56,0,0
"2715",2,38,0,0
"2716",3,217,0,0
"2717",2,116,0,0
"2718",2,134,0,0
"2719",2,43,0,0
"2720",2,58,0,0
"2721",2,45,0,0
"2722",2,75,0,0
"2723",2,79,0,0
"2724",2,121,0,0
"2725",2,491,0,0
"2726",2,248,0,0
"2727",2,134,0,0
"2728",2,80,0,0
"2729",2,72,0,0
"2730",2,123,0,0
"2731",2,40,0,0
"2732",2,55,0,0
"2733",2,59,0,0
"2734",2,75,0,0
"2735",2,82,0,0
"2736",2,131,0,0
"2737",2,167,0,0
"2738",2,57,0,0
"2739",2,44,0,0
"2740",2,55,0,0
"2741",2,38,0,0
"2742",2,80,0,0
"2743",2,456,0,0
"2744",2,128,0,0
"2745",3,134,0,0
"2746",2,335,0,0
"2747",2,79,0,0
"2748",2,151,0,0
"2749",2,283,0,0
"2750",2,49,0,0
"2751",2,45,0,0
"2752",2,72,0,0
"2753",2,38,0,0
"2754",2,86,0,0
"2755",2,6,0,0
"2756",2,139,0,0
"2757",2,473,0,0
"2758",2,121,0,0
"2759",2,79,0,0
"2760",2,218,0,0
"2761",2,74,0,0
"2762",2,501,0,0
"2763",2,214,0,0
"2764",2,166,0,0
"2765",2,143,0,0
"2766",2,116,0,0
"2767",2,38,0,0
"2768",2,462,0,0
"2769",2,151,0,0
"2770",2,99,0,0
"2771",2,72,0,0
"2772",2,329,0,0
"2773",2,211,0,0
"2774",2,502,0,0
"2775",2,350,0,0
"2776",2,486,0,0
"2777",2,298,0,0
"2778",2,99,0,0
"2779",2,357,0,0
"2780",2,335,0,0
"2781",2,78,0,0
"2782",2,73,0,0
"2783",2,79,0,0
"2784",2,100,0,0
"2785",2,462,0,0
"2786",2,277,0,0
"2787",2,37,0,0
"2788",2,80,0,0
"2789",2,249,0,0
"2790",2,120,0,0
"2791",2,120,0,0
"2792",2,180,0,0
"2793",2,42,0,0
"2794",2,352,0,0
"2795",2,350,0,0
"2796",2,317,0,0
"2797",2,230,0,0
"2798",2,134,0,0
"2799",2,139,0,0
"2800",2,414,0,0
"2801",2,90,0,0
"2802",2,197,0,0
"2803",2,493,0,0
"2804",2,428,0,0
"2805",2,301,0,0
"2806",2,59,0,0
"2807",2,77,0,0
"2808",2,484,0,0
"2809",2,462,0,0
"2810",2,493,0,0
"2811",2,218,0,0
"2812",2,70,0,0
"2813",2,155,0,0
"2814",2,473,0,0
"2815",2,72,0,0
"2816",2,394,0,0
"2817",2,46,0,0
"2818",2,74,0,0
"2819",2,491,0,0
"2820",2,418,0,0
"2821",2,231,0,0
"2822",2,248,0,0
"2823",2,234,0,0
"2824",2,421,0,0
"2825",2,503,0,0
"2826",2,58,0,0
"2827",2,214,0,0
"2828",2,131,0,0
"2829",2,125,0,0
"2830",2,46,0,0
"2831",2,163,0,0
"2832",2,504,0,0
"2833",1,5,0,0
"2834",2,80,0,0
"2835",2,298,0,0
"2836",2,505,0,0
"2837",2,124,0,0
"2838",2,75,0,0
"2839",2,211,0,0
"2840",2,40,0,0
"2841",2,426,0,0
"2842",2,179,0,0
"2843",2,121,0,0
"2844",2,216,0,0
"2845",2,3,0,0
"2846",2,361,0,0
"2847",2,121,0,0
"2848",2,78,0,0
"2849",2,166,0,0
"2850",1,289,0,0
"2851",2,6,0,0
"2852",2,86,0,0
"2853",2,80,0,0
"2854",2,120,0,0
"2855",2,180,0,0
"2856",2,342,0,0
"2857",2,249,0,0
"2858",2,352,0,0
"2859",2,59,0,0
"2860",2,59,0,0
"2861",2,46,0,0
"2862",2,88,0,0
"2863",2,235,0,0
"2864",2,205,0,0
"2865",2,506,0,0
"2866",2,216,0,0
"2867",2,214,0,0
"2868",2,153,0,0
"2869",2,74,0,0
"2870",2,78,0,0
"2871",2,115,0,0
"2872",2,55,0,0
"2873",2,133,0,0
"2874",2,127,0,0
"2875",2,139,0,0
"2876",2,55,0,0
"2877",2,143,0,0
"2878",2,250,0,0
"2879",2,277,0,0
"2880",2,132,0,0
"2881",2,90,0,0
"2882",2,127,0,0
"2883",2,123,0,0
"2884",2,117,0,0
"2885",2,58,0,0
"2886",2,129,0,0
"2887",2,179,0,0
"2888",2,307,0,0
"2889",2,4,0,0
"2890",2,191,0,0
"2891",2,130,0,0
"2892",2,97,0,0
"2893",2,137,0,0
"2894",2,123,0,0
"2895",2,155,0,0
"2896",2,97,0,0
"2897",2,123,0,0
"2898",2,155,0,0
"2899",2,73,0,0
"2900",2,73,0,0
"2901",2,118,0,0
"2902",2,306,0,0
"2903",2,76,0,0
"2904",2,11,0,0
"2905",2,80,0,0
"2906",2,127,0,0
"2907",2,45,0,0
"2908",2,232,0,0
"2909",2,5,0,0
"2910",2,73,0,0
"2911",2,299,0,0
"2912",2,71,0,0
"2913",2,46,0,0
"2914",2,155,0,0
"2915",2,232,0,0
"2916",2,82,0,0
"2917",2,44,0,0
"2918",2,46,0,0
"2919",2,216,0,0
"2920",2,128,0,0
"2921",2,166,0,0
"2922",2,130,0,0
"2923",2,169,0,0
"2924",2,428,0,0
"2925",2,307,0,0
"2926",2,231,0,0
"2927",2,5,0,0
"2928",2,205,0,0
"2929",2,329,0,0
"2930",2,316,0,0
"2931",2,415,0,0
"2932",2,317,0,0
"2933",2,4,0,0
"2934",2,191,0,0
"2935",2,492,0,0
"2936",2,107,0,0
"2937",2,248,0,0
"2938",2,163,0,0
"2939",2,90,0,0
"2940",2,75,0,0
"2941",2,359,0,0
"2942",2,181,0,0
"2943",2,239,0,0
"2944",2,79,0,0
"2945",2,305,0,0
"2946",2,277,0,0
"2947",2,84,0,0
"2948",2,215,0,0
"2949",2,126,0,0
"2950",2,121,0,0
"2951",2,181,0,0
"2952",2,6,0,0
"2953",2,80,0,0
"2954",2,84,0,0
"2955",2,115,0,0
"2956",2,82,0,0
"2957",2,54,0,0
"2958",2,58,0,0
"2959",2,166,0,0
"2960",2,129,0,0
"2961",2,123,0,0
"2962",2,138,0,0
"2963",2,139,0,0
"2964",2,152,0,0
"2965",2,277,0,0
"2966",2,507,0,0
"2967",2,133,0,0
"2968",2,414,0,0
"2969",2,350,0,0
"2970",2,508,0,0
"2971",2,46,0,0
"2972",2,205,0,0
"2973",2,81,0,0
"2974",2,509,0,0
"2975",2,44,0,0
"2976",2,80,0,0
"2977",2,54,0,0
"2978",2,143,0,0
"2979",2,510,0,0
"2980",2,138,0,0
"2981",2,197,0,0
"2982",2,90,0,0
"2983",2,52,0,0
"2984",2,427,0,0
"2985",2,394,0,0
"2986",2,181,0,0
"2987",2,426,0,0
"2988",2,125,0,0
"2989",2,51,0,0
"2990",2,46,0,0
"2991",2,129,0,0
"2992",2,51,0,0
"2993",2,51,0,0
"2994",2,116,0,0
"2995",2,84,0,0
"2996",2,192,0,0
"2997",2,310,0,0
"2998",2,283,0,0
"2999",2,13,0,0
"3000",2,283,0,0
"3001",2,197,0,0
"3002",2,169,0,0
"3003",2,100,0,0
"3004",2,493,0,0
"3005",2,250,0,0
"3006",2,138,0,0
"3007",2,427,0,0
"3008",2,2,0,0
"3009",2,197,0,0
"3010",2,511,0,0
"3011",2,105,0,0
"3012",2,493,0,0
"3013",2,85,0,0
"3014",2,512,0,0
"3015",2,82,0,0
"3016",2,232,0,0
"3017",2,129,0,0
"3018",2,124,0,0
"3019",2,121,0,0
"3020",2,125,0,0
"3021",2,44,0,0
"3022",2,73,0,0
"3023",2,96,0,0
"3024",2,239,0,0
"3025",2,305,0,0
"3026",2,120,0,0
"3027",2,307,0,0
"3028",2,58,0,0
"3029",2,415,0,0
"3030",2,131,0,0
"3031",2,58,0,0
"3032",2,43,0,0
"3033",2,117,0,0
"3034",2,234,0,0
"3035",2,84,0,0
"3036",2,45,0,0
"3037",2,132,0,0
"3038",2,62,0,0
"3039",2,284,0,0
"3040",2,349,0,0
"3041",2,125,0,0
"3042",2,2,0,0
"3043",2,483,0,0
"3044",2,81,0,0
"3045",2,77,0,0
"3046",2,212,0,0
"3047",2,75,0,0
"3048",2,59,0,0
"3049",2,462,0,0
"3050",2,73,0,0
"3051",2,52,0,0
"3052",2,214,0,0
"3053",2,215,0,0
"3054",2,97,0,0
"3055",2,116,0,0
"3056",2,73,0,0
"3057",2,51,0,0
"3058",2,49,0,0
"3059",2,42,0,0
"3060",2,513,0,0
"3061",2,214,0,0
"3062",2,53,0,0
"3063",2,278,0,0
"3064",2,11,0,0
"3065",2,103,0,0
"3066",2,187,0,0
"3067",2,79,0,0
"3068",2,120,0,0
"3069",2,143,0,0
"3070",2,139,0,0
"3071",2,123,0,0
"3072",2,130,0,0
"3073",2,52,0,0
"3074",2,179,0,0
"3075",2,100,0,0
"3076",2,231,0,0
"3077",2,426,0,0
"3078",2,317,0,0
"3079",2,5,0,0
"3080",2,211,0,0
"3081",2,4,0,0
"3082",2,134,0,0
"3083",2,80,0,0
"3084",2,166,0,0
"3085",2,123,0,0
"3086",2,166,0,0
"3087",2,241,0,0
"3088",2,159,0,0
"3089",2,37,0,0
"3090",2,4,0,0
"3091",2,68,0,0
"3092",2,167,0,0
"3093",2,73,0,0
"3094",2,167,0,0
"3095",2,151,0,0
"3096",2,216,0,0
"3097",2,54,0,0
"3098",2,55,0,0
"3099",2,143,0,0
"3100",2,99,0,0
"3101",2,230,0,0
"3102",2,80,0,0
"3103",2,64,0,0
"3104",2,120,0,0
"3105",2,342,0,0
"3106",2,50,0,0
"3107",2,77,0,0
"3108",2,514,0,0
"3109",1,52,0,0
"3110",2,102,0,0
"3111",2,465,0,0
"3112",2,272,0,0
"3113",2,277,0,0
"3114",2,158,0,0
"3115",2,95,0,0
"3116",2,79,0,0
"3117",2,90,0,0
"3118",2,143,0,0
"3119",2,78,0,0
"3120",2,5,0,0
"3121",2,133,0,0
"3122",2,51,0,0
"3123",2,309,0,0
"3124",2,73,0,0
"3125",2,129,0,0
"3126",2,307,0,0
"3127",2,205,0,0
"3128",2,97,0,0
"3129",2,78,0,0
"3130",2,93,0,0
"3131",2,39,0,0
"3132",2,289,0,0
"3133",2,77,0,0
"3134",2,4,0,0
"3135",2,90,0,0
"3136",2,366,0,0
"3137",2,51,0,0
"3138",2,515,0,0
"3139",2,127,0,0
"3140",2,191,0,0
"3141",2,250,0,0
"3142",2,130,0,0
"3143",2,214,0,0
"3144",2,166,0,0
"3145",2,64,0,0
"3146",2,136,0,0
"3147",2,90,0,0
"3148",2,11,0,0
"3149",2,47,0,0
"3150",2,105,0,0
"3151",2,297,0,0
"3152",2,118,0,0
"3153",2,80,0,0
"3154",2,454,0,0
"3155",2,259,0,0
"3156",2,140,0,0
"3157",2,516,0,0
"3158",2,254,0,0
"3159",2,116,0,0
"3160",2,211,0,0
"3161",2,43,0,0
"3162",2,52,0,0
"3163",2,456,0,0
"3164",2,11,0,0
"3165",2,86,0,0
"3166",2,163,0,0
"3167",2,81,0,0
"3168",2,240,0,0
"3169",2,5,0,0
"3170",2,134,0,0
"3171",2,273,0,0
"3172",2,277,0,0
"3173",2,121,0,0
"3174",2,167,0,0
"3175",2,93,0,0
"3176",2,205,0,0
"3177",2,128,0,0
"3178",2,145,0,0
"3179",2,517,0,0
"3180",2,129,0,0
"3181",2,466,0,0
"3182",1,339,0,0
"3183",1,74,0,0
"3184",2,365,0,0
"3185",2,472,0,0
"3186",2,307,0,0
"3187",2,123,0,0
"3188",2,6,0,0
"3189",2,359,0,0
"3190",2,212,0,0
"3191",2,259,0,0
"3192",2,153,0,0
"3193",2,299,0,0
"3194",2,284,0,0
"3195",2,5,0,0
"3196",1,127,0,0
"3197",2,132,0,0
"3198",2,312,0,0
"3199",2,55,0,0
"3200",2,307,0,0
"3201",2,215,0,0
"3202",2,38,0,0
"3203",2,2,0,0
"3204",2,100,0,0
"3205",2,153,0,0
"3206",2,86,0,0
"3207",2,251,0,0
"3208",2,145,0,0
"3209",1,230,0,0
"3210",2,132,0,0
"3211",2,421,0,0
"3212",2,129,0,0
"3213",2,233,0,0
"3214",2,75,0,0
"3215",2,176,0,0
"3216",2,152,0,0
"3217",2,105,0,0
"3218",2,107,0,0
"3219",2,115,0,0
"3220",2,239,0,0
"3221",2,84,0,0
"3222",2,144,0,0
"3223",2,134,0,0
"3224",2,52,0,0
"3225",2,518,0,0
"3226",2,420,0,0
"3227",2,176,0,0
"3228",2,44,0,0
"3229",2,283,0,0
"3230",2,167,0,0
"3231",2,51,0,0
"3232",2,2,0,0
"3233",2,88,0,0
"3234",1,81,0,0
"3235",2,95,0,0
"3236",2,134,0,0
"3237",2,133,0,0
"3238",1,519,0,0
"3239",2,415,0,0
"3240",2,335,0,0
"3241",2,520,0,0
"3242",2,26,0,0
"3243",2,521,0,0
"3244",2,517,0,0
"3245",2,259,0,0
"3246",2,158,0,0
"3247",2,133,0,0
"3248",2,306,0,0
"3249",2,137,0,0
"3250",2,423,0,0
"3251",2,187,0,0
"3252",2,192,0,0
"3253",2,418,0,0
"3254",2,16,0,0
"3255",2,411,0,0
"3256",2,86,0,0
"3257",2,125,0,0
"3258",2,522,0,0
"3259",2,164,0,0
"3260",2,299,0,0
"3261",2,428,0,0
"3262",2,64,0,0
"3263",2,218,0,0
"3264",2,284,0,0
"3265",2,22,0,0
"3266",1,458,0,0
"3267",2,170,0,0
"3268",2,519,0,0
"3269",2,523,0,0
"3270",2,330,0,0
"3271",2,339,0,0
"3272",2,339,0,0
"3273",2,101,0,0
"3274",2,524,0,0
"3275",2,107,0,0
"3276",2,525,0,0
"3277",2,348,0,0
"3278",2,299,0,0
"3279",2,121,0,0
"3280",2,165,0,0
"3281",2,76,0,0
"3282",2,235,0,0
"3283",2,197,0,0
"3284",2,96,0,0
"3285",2,214,0,0
"3286",2,205,0,0
"3287",2,76,0,0
"3288",2,5,0,0
"3289",2,167,0,0
"3290",2,120,0,0
"3291",2,80,0,0
"3292",3,526,0,0
"3293",2,230,0,0
"3294",2,527,0,0
"3295",2,70,0,0
"3296",2,462,0,0
"3297",2,42,0,0
"3298",2,215,0,0
"3299",2,133,0,0
"3300",2,155,0,0
"3301",2,144,0,0
"3302",2,100,0,0
"3303",2,214,0,0
"3304",2,2,0,0
"3305",2,5,0,0
"3306",2,248,0,0
"3307",2,473,0,0
"3308",2,342,0,0
"3309",2,137,0,0
"3310",2,231,0,0
"3311",2,93,0,0
"3312",2,493,0,0
"3313",2,214,0,0
"3314",2,481,0,0
"3315",2,250,0,0
"3316",2,239,0,0
"3317",2,168,0,0
"3318",2,93,0,0
"3319",2,74,0,0
"3320",2,363,0,0
"3321",2,253,0,0
"3322",2,165,0,0
"3323",2,511,0,0
"3324",2,253,0,0
"3325",2,348,0,0
"3326",2,528,0,0
"3327",2,115,0,0
"3328",2,123,0,0
"3329",2,235,0,0
"3330",2,163,0,0
"3331",2,240,0,0
"3332",2,151,0,0
"3333",2,20,0,0
"3334",2,426,0,0
"3335",2,135,0,0
"3336",2,75,0,0
"3337",2,214,0,0
"3338",2,121,0,0
"3339",2,44,0,0
"3340",2,128,0,0
"3341",2,276,0,0
"3342",2,306,0,0
"3343",2,70,0,0
"3344",2,52,0,0
"3345",2,136,0,0
"3346",2,47,0,0
"3347",2,130,0,0
"3348",2,4,0,0
"3349",2,156,0,0
"3350",2,529,0,0
"3351",2,123,0,0
"3352",2,64,0,0
"3353",2,74,0,0
"3354",2,216,0,0
"3355",2,90,0,0
"3356",2,462,0,0
"3357",2,45,0,0
"3358",2,117,0,0
"3359",2,6,0,0
"3360",2,342,0,0
"3361",2,64,0,0
"3362",2,11,0,0
"3363",2,75,0,0
"3364",2,92,0,0
"3365",2,459,0,0
"3366",2,402,0,0
"3367",2,165,0,0
"3368",2,73,0,0
"3369",1,272,0,0
"3370",2,132,0,0
"3371",2,306,0,0
"3372",2,3,0,0
"3373",2,78,0,0
"3374",2,71,0,0
"3375",2,78,0,0
"3376",2,335,0,0
"3377",2,6,0,0
"3378",2,342,0,0
"3379",2,171,0,0
"3380",2,205,0,0
"3381",2,4,0,0
"3382",2,80,0,0
"3383",2,59,0,0
"3384",2,283,0,0
"3385",2,121,0,0
"3386",2,335,0,0
"3387",1,236,0,0
"3388",2,152,0,0
"3389",2,191,0,0
"3390",2,197,0,0
"3391",2,168,0,0
"3392",2,306,0,0
"3393",2,90,0,0
"3394",2,248,0,0
"3395",2,126,0,0
"3396",2,248,0,0
"3397",2,80,0,0
"3398",2,5,0,0
"3399",2,162,0,0
"3400",2,473,0,0
"3401",2,72,0,0
"3402",2,117,0,0
"3403",2,342,0,0
"3404",2,438,0,0
"3405",2,530,0,0
"3406",2,531,0,0
"3407",3,532,0,0
"3408",2,46,0,0
"3409",2,284,0,0
"3410",2,78,0,0
"3411",2,131,0,0
"3412",2,205,0,0
"3413",2,133,0,0
"3414",2,420,0,0
"3415",2,235,0,0
"3416",2,316,0,0
"3417",2,71,0,0
"3418",2,85,0,0
"3419",2,349,0,0
"3420",2,71,0,0
"3421",2,187,0,0
"3422",2,165,0,0
"3423",2,411,0,0
"3424",2,93,0,0
"3425",2,454,0,0
"3426",2,73,0,0
"3427",2,259,0,0
"3428",2,77,0,0
"3429",2,519,0,0
"3430",2,75,0,0
"3431",2,533,0,0
"3432",2,181,0,0
"3433",2,534,0,0
"3434",2,185,0,0
"3435",2,143,0,0
"3436",2,535,0,0
"3437",2,501,0,0
"3438",2,517,0,0
"3439",2,2,0,0
"3440",2,211,0,0
"3441",2,426,0,0
"3442",2,506,0,0
"3443",2,510,0,0
"3444",2,132,0,0
"3445",2,81,0,0
"3446",2,536,0,0
"3447",2,418,0,0
"3448",2,134,0,0
"3449",2,52,0,0
"3450",2,258,0,0
"3451",2,4,0,0
"3452",2,71,0,0
"3453",2,182,0,0
"3454",2,192,0,0
"3455",2,73,0,0
"3456",2,491,0,0
"3457",2,537,0,0
"3458",2,454,0,0
"3459",2,52,0,0
"3460",2,46,0,0
"3461",2,284,0,0
"3462",2,285,0,0
"3463",2,538,0,0
"3464",2,427,0,0
"3465",2,116,0,0
"3466",2,121,0,0
"3467",2,45,0,0
"3468",2,18,0,0
"3469",2,474,0,0
"3470",2,89,0,0
"3471",2,214,0,0
"3472",2,394,0,0
"3473",2,91,0,0
"3474",2,99,0,0
"3475",2,454,0,0
"3476",2,454,0,0
"3477",2,138,0,0
"3478",2,136,0,0
"3479",2,97,0,0
"3480",2,92,0,0
"3481",2,299,0,0
"3482",2,97,0,0
"3483",2,53,0,0
"3484",2,438,0,0
"3485",2,312,0,0
"3486",2,71,0,0
"3487",2,144,0,0
"3488",2,539,0,0
"3489",2,113,0,0
"3490",2,540,0,0
"3491",2,273,0,0
"3492",2,541,0,0
"3493",2,185,0,0
"3494",2,173,0,0
"3495",2,410,0,0
"3496",2,214,0,0
"3497",2,357,0,0
"3498",2,76,0,0
"3499",2,505,0,0
"3500",2,542,0,0
"3501",2,11,0,0
"3502",2,143,0,0
"3503",2,416,0,0
"3504",2,342,0,0
"3505",2,518,0,0
"3506",2,357,0,0
"3507",2,276,0,0
"3508",2,163,0,0
"3509",2,543,0,0
"3510",2,412,0,0
"3511",2,228,0,0
"3512",2,472,0,0
"3513",2,74,0,0
"3514",2,133,0,0
"3515",2,491,0,0
"3516",2,473,0,0
"3517",2,230,0,0
"3518",2,115,0,0
"3519",2,542,0,0
"3520",3,290,0,0
"3521",3,434,0,0
"3522",2,544,0,0
"3523",3,19,0,0
"3524",3,163,0,0
"3525",2,180,0,0
"3526",2,545,0,0
"3527",2,75,0,0
"3528",2,112,0,0
"3529",2,81,0,0
"3530",2,342,0,0
"3531",2,283,0,0
"3532",2,307,0,0
"3533",2,546,0,0
"3534",2,547,0,0
"3535",2,141,0,0
"3536",2,439,0,0
"3537",2,51,0,0
"3538",2,112,0,0
"3539",2,123,0,0
"3540",2,438,0,0
"3541",2,83,0,0
"3542",2,86,0,0
"3543",2,2,0,0
"3544",2,46,0,0
"3545",2,97,0,0
"3546",2,80,0,0
"3547",2,95,0,0
"3548",2,197,0,0
"3549",2,483,0,0
"3550",2,59,0,0
"3551",2,121,0,0
"3552",2,58,0,0
"3553",2,93,0,0
"3554",2,74,0,0
"3555",2,99,0,0
"3556",2,191,0,0
"3557",1,548,0,0
"3558",2,311,0,0
"3559",2,214,0,0
"3560",2,299,0,0
"3561",2,90,0,0
"3562",2,181,0,0
"3563",2,74,0,0
"3564",2,307,0,0
"3565",2,110,0,0
"3566",2,11,0,0
"3567",2,42,0,0
"3568",2,169,0,0
"3569",2,549,0,0
"3570",2,107,0,0
"3571",2,458,0,0
"3572",2,163,0,0
"3573",2,550,0,0
"3574",2,103,0,0
"3575",2,239,0,0
"3576",2,153,0,0
"3577",2,306,0,0
"3578",2,106,0,0
"3579",2,551,0,0
"3580",2,439,0,0
"3581",2,138,0,0
"3582",2,84,0,0
"3583",2,495,0,0
"3584",2,248,0,0
"3585",2,84,0,0
"3586",2,103,0,0
"3587",2,180,0,0
"3588",2,217,0,0
"3589",2,130,0,0
"3590",2,128,0,0
"3591",2,126,0,0
"3592",2,277,0,0
"3593",2,88,0,0
"3594",2,91,0,0
"3595",2,216,0,0
"3596",2,552,0,0
"3597",2,553,0,0
"3598",2,126,0,0
"3599",2,467,0,0
"3600",2,554,0,0
"3601",2,4,0,0
"3602",2,473,0,0
"3603",2,311,0,0
"3604",2,230,0,0
"3605",2,555,0,0
"3606",2,556,0,0
"3607",2,101,0,0
"3608",2,364,0,0
"3609",2,289,0,0
"3610",2,124,0,0
"3611",2,539,0,0
"3612",2,274,0,0
"3613",2,159,0,0
"3614",2,463,0,0
"3615",2,465,0,0
"3616",2,99,0,0
"3617",2,119,0,0
"3618",2,459,0,0
"3619",2,348,0,0
"3620",2,557,0,0
"3621",2,130,0,0
"3622",2,253,0,0
"3623",2,81,0,0
"3624",2,85,0,0
"3625",2,558,0,0
"3626",2,284,0,0
"3627",2,409,0,0
"3628",2,484,0,0
"3629",2,134,0,0
"3630",2,316,0,0
"3631",2,559,0,0
"3632",2,257,0,0
"3633",2,394,0,0
"3634",2,147,0,0
"3635",2,81,0,0
"3636",2,130,0,0
"3637",2,53,0,0
"3638",2,211,0,0
"3639",2,427,0,0
"3640",2,5,0,0
"3641",2,527,0,0
"3642",2,180,0,0
"3643",2,363,0,0
"3644",2,144,0,0
"3645",2,163,0,0
"3646",2,131,0,0
"3647",2,230,0,0
"3648",2,58,0,0
"3649",2,107,0,0
"3650",2,305,0,0
"3651",2,92,0,0
"3652",2,245,0,0
"3653",2,13,0,0
"3654",2,134,0,0
"3655",2,92,0,0
"3656",2,211,0,0
"3657",2,127,0,0
"3658",2,134,0,0
"3659",2,259,0,0
"3660",2,45,0,0
"3661",2,84,0,0
"3662",2,248,0,0
"3663",2,20,0,0
"3664",2,250,0,0
"3665",2,560,0,0
"3666",2,561,0,0
"3667",2,557,0,0
"3668",2,562,0,0
"3669",2,187,0,0
"3670",2,342,0,0
"3671",2,462,0,0
"3672",2,57,0,0
"3673",3,144,0,0
"3674",2,563,0,0
"3675",2,462,0,0
"3676",2,72,0,0
"3677",2,277,0,0
"3678",2,79,0,0
"3679",2,95,0,0
"3680",2,456,0,0
"3681",2,84,0,0
"3682",2,232,0,0
"3683",2,121,0,0
"3684",2,4,0,0
"3685",2,214,0,0
"3686",2,126,0,0
"3687",2,152,0,0
"3688",2,385,0,0
"3689",2,508,0,0
"3690",2,564,0,0
"3691",3,561,0,0
"3692",3,286,0,0
"3693",2,67,0,0
"3694",2,106,0,0
"3695",2,62,0,0
"3696",2,271,0,0
"3697",2,179,0,0
"3698",2,165,0,0
"3699",2,130,0,0
"3700",2,250,0,0
"3701",3,81,0,0
"3702",2,531,0,0
"3703",2,5,0,0
"3704",2,398,0,0
"3705",2,130,0,0
"3706",2,298,0,0
"3707",2,188,0,0
"3708",2,271,0,0
"3709",2,301,0,0
"3710",2,116,0,0
"3711",2,158,0,0
"3712",2,126,0,0
"3713",2,124,0,0
"3714",2,302,0,0
"3715",2,78,0,0
"3716",2,96,0,0
"3717",2,258,0,0
"3718",2,34,0,0
"3719",2,74,0,0
"3720",2,272,0,0
"3721",2,118,0,0
"3722",2,339,0,0
"3723",2,214,0,0
"3724",2,116,0,0
"3725",2,211,0,0
"3726",2,6,0,0
"3727",2,565,0,0
"3728",2,2,0,0
"3729",2,306,0,0
"3730",2,566,0,0
"3731",2,245,0,0
"3732",2,179,0,0
"3733",2,3,0,0
"3734",2,284,0,0
"3735",2,250,0,0
"3736",2,193,0,0
"3737",2,516,0,0
"3738",2,392,0,0
"3739",2,469,0,0
"3740",2,567,0,0
"3741",2,568,0,0
"3742",2,212,0,0
"3743",2,256,0,0
"3744",2,215,0,0
"3745",2,180,0,0
"3746",2,84,0,0
"3747",2,491,0,0
"3748",2,95,0,0
"3749",2,569,0,0
"3750",2,549,0,0
"3751",2,76,0,0
"3752",2,272,0,0
"3753",20,118,0,0
"3754",2,570,0,0
"3755",2,299,0,0
"3756",2,187,0,0
"3757",2,15,0,0
"3758",2,62,0,0
"3759",2,571,0,0
"3760",2,523,0,0
"3761",2,51,0,0
"3762",2,148,0,0
"3763",2,101,0,0
"3764",2,572,0,0
"3765",2,95,0,0
"3766",2,248,0,0
"3767",2,46,0,0
"3768",2,291,0,0
"3769",2,573,0,0
"3770",2,170,0,0
"3771",2,310,0,0
"3772",2,574,0,0
"3773",2,575,0,0
"3774",2,225,0,0
"3775",2,207,0,0
"3776",2,567,0,0
"3777",2,27,0,0
"3778",2,576,0,0
"3779",2,501,0,0
"3780",2,486,0,0
"3781",2,577,0,0
"3782",2,578,0,0
"3783",2,579,0,0
"3784",2,318,0,0
"3785",2,580,0,0
"3786",2,145,0,0
"3787",2,340,0,0
"3788",2,83,0,0
"3789",2,581,0,0
"3790",2,304,0,0
"3791",2,20,0,0
"3792",2,228,0,0
"3793",2,582,0,0
"3794",2,118,0,0
"3795",2,274,0,0
"3796",2,299,0,0
"3797",2,342,0,0
"3798",2,126,0,0
"3799",1,97,0,0
"3800",2,583,0,0
"3801",2,456,0,0
"3802",2,490,0,0
"3803",2,20,0,0
"3804",2,584,0,0
"3805",2,585,0,0
"3806",2,360,0,0
"3807",2,478,0,0
"3808",2,30,0,0
"3809",2,179,0,0
"3810",2,188,0,0
"3811",2,586,0,0
"3812",2,123,0,0
"3813",2,528,0,0
"3814",2,587,0,0
"3815",2,154,0,0
"3816",2,3,0,0
"3817",2,459,0,0
"3818",2,429,0,0
"3819",2,13,0,0
"3820",2,298,0,0
"3821",2,295,0,0
"3822",3,413,0,0
"3823",2,588,0,0
"3824",2,531,0,0
"3825",2,584,0,0
"3826",2,276,0,0
"3827",2,589,0,0
"3828",2,278,0,0
"3829",2,590,0,0
"3830",2,118,0,0
"3831",2,93,0,0
"3832",2,151,0,0
"3833",2,591,0,0
"3834",2,416,0,0
"3835",2,592,0,0
"3836",2,593,0,0
"3837",2,353,0,0
"3838",2,334,0,0
"3839",2,352,0,0
"3840",2,302,0,0
"3841",2,594,0,0
"3842",2,306,0,0
"3843",2,522,0,0
"3844",2,301,0,0
"3845",2,283,0,0
"3846",2,168,0,0
"3847",2,484,0,0
"3848",2,420,0,0
"3849",2,549,0,0
"3850",2,595,0,0
"3851",2,139,0,0
"3852",2,475,0,0
"3853",2,596,0,0
"3854",2,597,0,0
"3855",2,430,0,0
"3856",2,334,0,0
"3857",2,74,0,0
"3858",2,171,0,0
"3859",2,362,0,0
"3860",2,348,0,0
"3861",2,493,0,0
"3862",2,598,0,0
"3863",2,332,0,0
"3864",2,235,0,0
"3865",2,53,0,0
"3866",2,599,0,0
"3867",2,600,0,0
"3868",2,339,0,0
"3869",2,559,0,0
"3870",2,520,0,0
"3871",2,601,0,0
"3872",2,486,0,0
"3873",2,602,0,0
"3874",1,326,0,0
"3875",2,18,0,0
"3876",1,603,0,0
"3877",2,604,0,0
"3878",3,357,0,0
"3879",2,102,0,0
"3880",2,605,0,0
"3881",4,138,0,0
"3882",2,606,0,0
"3883",2,185,0,0
"3884",2,498,0,0
"3885",2,473,0,0
"3886",2,607,0,0
"3887",2,155,0,0
"3888",2,532,0,0
"3889",2,348,0,0
"3890",2,276,0,0
"3891",2,299,0,0
"3892",2,99,0,0
"3893",2,297,0,0
"3894",2,513,0,0
"3895",2,68,0,0
"3896",2,519,0,0
"3897",2,608,0,0
"3898",2,557,0,0
"3899",2,88,0,0
"3900",2,609,0,0
"3901",2,610,0,0
"3902",2,176,0,0
"3903",2,611,0,0
"3904",2,421,0,0
"3905",2,3,0,0
"3906",2,90,0,0
"3907",2,478,0,0
"3908",2,612,0,0
"3909",3,613,0,0
"3910",2,614,0,0
"3911",2,615,0,0
"3912",2,250,0,0
"3913",2,481,0,0
"3914",2,284,0,0
"3915",2,483,0,0
"3916",2,352,0,0
"3917",2,354,0,0
"3918",2,616,0,0
"3919",2,549,0,0
"3920",2,617,0,0
"3921",2,158,0,0
"3922",2,217,0,0
"3923",2,454,0,0
"3924",2,539,0,0
"3925",2,618,0,0
"3926",2,86,0,0
"3927",2,157,0,0
"3928",2,619,0,0
"3929",2,258,0,0
"3930",2,488,0,0
"3931",2,375,0,0
"3932",2,620,0,0
"3933",2,621,0,0
"3934",2,212,0,0
"3935",2,278,0,0
"3936",2,135,0,0
"3937",2,181,0,0
"3938",2,301,0,0
"3939",2,158,0,0
"3940",2,4,0,0
"3941",3,517,0,0
"3942",2,301,0,0
"3943",2,414,0,0
"3944",2,622,0,0
"3945",2,623,0,0
"3946",2,67,0,0
"3947",2,115,0,0
"3948",2,132,0,0
"3949",2,624,0,0
"3950",2,186,0,0
"3951",2,372,0,0
"3952",2,625,0,0
"3953",2,272,0,0
"3954",2,626,0,0
"3955",2,348,0,0
"3956",2,115,0,0
"3957",2,561,0,0
"3958",2,486,0,0
"3959",2,114,0,0
"3960",2,83,0,0
"3961",2,145,0,0
"3962",2,525,0,0
"3963",3,627,0,0
"3964",2,628,0,0
"3965",3,629,0,0
"3966",3,630,0,0
"3967",2,137,0,0
"3968",2,631,0,0
"3969",2,616,0,0
"3970",2,632,0,0
"3971",2,28,0,0
"3972",3,331,0,0
"3973",2,381,0,0
"3974",2,449,0,0
"3975",2,360,0,0
"3976",2,233,0,0
"3977",2,299,0,0
"3978",2,283,0,0
"3979",2,54,0,0
"3980",2,633,0,0
"3981",2,416,0,0
"3982",2,139,0,0
"3983",3,517,0,0
"3984",2,106,0,0
"3985",2,482,0,0
"3986",2,458,0,0
"3987",2,491,0,0
"3988",3,487,0,0
"3989",3,551,0,0
"3990",2,7,0,0
"3991",2,634,0,0
"3992",3,635,0,0
"3993",3,636,0,0
"3994",3,637,0,0
"3995",3,638,0,0
"3996",3,639,0,0
"3997",2,640,0,0
"3998",2,641,0,0
"3999",3,642,0,0
"4000",2,494,0,0
"4001",2,456,0,0
"4002",2,490,0,0
"4003",2,20,0,0
"4004",2,584,0,0
"4005",2,585,0,0
"4006",2,360,0,0
"4007",2,478,0,0
"4008",2,30,0,0
"4009",2,179,0,0
"4010",2,188,0,0
"4011",2,586,0,0
"4012",2,123,0,0
"4013",2,528,0,0
"4014",2,587,0,0
"4015",2,154,0,0
"4016",2,3,0,0
"4017",2,459,0,0
"4018",2,429,0,0
"4019",2,13,0,0
"4020",2,298,0,0
"4021",2,295,0,0
"4022",3,413,0,0
"4023",2,588,0,0
"4024",2,531,0,0
"4025",2,584,0,0
"4026",2,276,0,0
"4027",2,589,0,0
"4028",2,278,0,0
"4029",2,590,0,0
"4030",2,118,0,0
"4031",2,93,0,0
"4032",2,151,0,0
"4033",2,591,0,0
"4034",2,416,0,0
"4035",2,592,0,0
"4036",2,593,0,0
"4037",2,353,0,0
"4038",2,334,0,0
"4039",2,352,0,0
"4040",2,302,0,0
"4041",2,594,0,0
"4042",2,306,0,0
"4043",2,522,0,0
"4044",2,301,0,0
"4045",2,283,0,0
"4046",2,168,0,0
"4047",2,484,0,0
"4048",2,420,0,0
"4049",2,549,0,0
"4050",2,595,0,0
"4051",2,139,0,0
"4052",2,475,0,0
"4053",2,596,0,0
"4054",2,597,0,0
"4055",2,430,0,0
"4056",2,348,0,0
"4057",2,334,0,0
"4058",2,74,0,0
"4059",2,171,0,0
"4060",2,362,0,0
"4061",2,348,0,0
"4062",2,493,0,0
"4063",2,598,0,0
"4064",2,332,0,0
"4065",2,235,0,0
"4066",2,53,0,0
"4067",2,599,0,0
"4068",2,600,0,0
"4069",2,339,0,0
"4070",2,559,0,0
"4071",2,520,0,0
"4072",2,601,0,0
"4073",2,486,0,0
"4074",2,602,0,0
"4075",1,326,0,0
"4076",2,18,0,0
"4077",1,603,0,0
"4078",2,604,0,0
"4079",3,357,0,0
"4080",2,102,0,0
"4081",2,605,0,0
"4082",4,138,0,0
"4083",2,606,0,0
"4084",2,185,0,0
"4085",2,498,0,0
"4086",2,473,0,0
"4087",2,607,0,0
"4088",2,155,0,0
"4089",2,532,0,0
"4090",2,348,0,0
"4091",2,276,0,0
"4092",2,299,0,0
"4093",2,99,0,0
"4094",2,297,0,0
"4095",2,513,0,0
"4096",2,68,0,0
"4097",2,519,0,0
"4098",2,608,0,0
"4099",2,557,0,0
"4100",2,88,0,0
"4101",2,609,0,0
"4102",2,610,0,0
"4103",2,176,0,0
"4104",2,611,0,0
"4105",2,421,0,0
"4106",2,3,0,0
"4107",2,90,0,0
"4108",2,478,0,0
"4109",2,612,0,0
"4110",3,613,0,0
"4111",2,614,0,0
"4112",2,615,0,0
"4113",2,250,0,0
"4114",2,481,0,0
"4115",2,284,0,0
"4116",2,483,0,0
"4117",2,352,0,0
"4118",2,354,0,0
"4119",2,616,0,0
"4120",2,549,0,0
"4121",2,617,0,0
"4122",2,158,0,0
"4123",2,217,0,0
"4124",2,454,0,0
"4125",2,539,0,0
"4126",2,618,0,0
"4127",2,86,0,0
"4128",2,157,0,0
"4129",2,619,0,0
"4130",2,258,0,0
"4131",2,488,0,0
"4132",2,375,0,0
"4133",2,620,0,0
"4134",2,621,0,0
"4135",2,212,0,0
"4136",2,278,0,0
"4137",2,135,0,0
"4138",2,181,0,0
"4139",2,301,0,0
"4140",2,158,0,0
"4141",2,4,0,0
"4142",3,517,0,0
"4143",2,301,0,0
"4144",2,414,0,0
"4145",2,622,0,0
"4146",2,623,0,0
"4147",2,67,0,0
"4148",2,115,0,0
"4149",2,132,0,0
"4150",2,624,0,0
"4151",2,186,0,0
"4152",2,372,0,0
"4153",2,625,0,0
"4154",2,272,0,0
"4155",2,626,0,0
"4156",2,348,0,0
"4157",2,115,0,0
"4158",2,561,0,0
"4159",2,486,0,0
"4160",2,114,0,0
"4161",2,83,0,0
"4162",2,145,0,0
"4163",2,525,0,0
"4164",3,627,0,0
"4165",2,628,0,0
"4166",3,629,0,0
"4167",3,630,0,0
"4168",2,137,0,0
"4169",2,631,0,0
"4170",2,616,0,0
"4171",2,632,0,0
"4172",2,28,0,0
"4173",3,331,0,0
"4174",2,381,0,0
"4175",2,449,0,0
"4176",2,360,0,0
"4177",2,233,0,0
"4178",2,299,0,0
"4179",2,283,0,0
"4180",2,54,0,0
"4181",2,633,0,0
"4182",2,416,0,0
"4183",2,139,0,0
"4184",3,517,0,0
"4185",2,106,0,0
"4186",2,482,0,0
"4187",2,458,0,0
"4188",2,491,0,0
"4189",3,487,0,0
"4190",3,551,0,0
"4191",2,7,0,0
"4192",2,634,0,0
"4193",3,635,0,0
"4194",3,636,0,0
"4195",3,637,0,0
"4196",3,638,0,0
"4197",3,639,0,0
"4198",2,640,0,0
"4199",2,641,0,0
"4200",3,642,0,0
"4201",2,456,0,0
"4202",2,490,0,0
"4203",2,20,0,0
"4204",2,584,0,0
"4205",2,585,0,0
"4206",2,360,0,0
"4207",2,478,0,0
"4208",2,30,0,0
"4209",2,179,0,0
"4210",2,188,0,0
"4211",2,586,0,0
"4212",2,123,0,0
"4213",2,528,0,0
"4214",2,587,0,0
"4215",2,154,0,0
"4216",2,3,0,0
"4217",2,459,0,0
"4218",2,429,0,0
"4219",2,13,0,0
"4220",2,298,0,0
"4221",2,295,0,0
"4222",3,413,0,0
"4223",2,588,0,0
"4224",2,531,0,0
"4225",2,584,0,0
"4226",2,276,0,0
"4227",2,589,0,0
"4228",2,278,0,0
"4229",2,590,0,0
"4230",2,118,0,0
"4231",2,93,0,0
"4232",2,151,0,0
"4233",2,591,0,0
"4234",2,416,0,0
"4235",2,592,0,0
"4236",2,593,0,0
"4237",2,353,0,0
"4238",2,334,0,0
"4239",2,352,0,0
"4240",2,302,0,0
"4241",2,594,0,0
"4242",2,306,0,0
"4243",2,522,0,0
"4244",2,301,0,0
"4245",2,283,0,0
"4246",2,168,0,0
"4247",2,484,0,0
"4248",2,420,0,0
"4249",2,549,0,0
"4250",2,595,0,0
"4251",2,139,0,0
"4252",2,475,0,0
"4253",2,596,0,0
"4254",2,597,0,0
"4255",2,430,0,0
"4256",2,334,0,0
"4257",2,74,0,0
"4258",2,171,0,0
"4259",2,362,0,0
"4260",2,348,0,0
"4261",2,493,0,0
"4262",2,598,0,0
"4263",2,332,0,0
"4264",2,235,0,0
"4265",2,53,0,0
"4266",2,599,0,0
"4267",2,600,0,0
"4268",2,339,0,0
"4269",2,559,0,0
"4270",2,520,0,0
"4271",2,601,0,0
"4272",2,486,0,0
"4273",2,602,0,0
"4274",1,326,0,0
"4275",2,18,0,0
"4276",1,603,0,0
"4277",2,604,0,0
"4278",3,357,0,0
"4279",2,102,0,0
"4280",2,605,0,0
"4281",4,138,0,0
"4282",2,606,0,0
"4283",2,185,0,0
"4284",2,498,0,0
"4285",2,473,0,0
"4286",2,607,0,0
"4287",2,155,0,0
"4288",2,532,0,0
"4289",2,348,0,0
"4290",2,276,0,0
"4291",2,299,0,0
"4292",2,99,0,0
"4293",2,297,0,0
"4294",2,513,0,0
"4295",2,68,0,0
"4296",2,519,0,0
"4297",2,608,0,0
"4298",2,557,0,0
"4299",2,88,0,0
"4300",2,609,0,0
"4301",2,610,0,0
"4302",2,176,0,0
"4303",2,611,0,0
"4304",2,421,0,0
"4305",2,3,0,0
"4306",2,90,0,0
"4307",2,478,0,0
"4308",2,612,0,0
"4309",3,613,0,0
"4310",2,614,0,0
"4311",2,615,0,0
"4312",2,250,0,0
"4313",2,481,0,0
"4314",2,284,0,0
"4315",2,483,0,0
"4316",2,352,0,0
"4317",2,354,0,0
"4318",2,616,0,0
"4319",2,549,0,0
"4320",2,617,0,0
"4321",2,158,0,0
"4322",2,217,0,0
"4323",2,454,0,0
"4324",2,539,0,0
"4325",2,618,0,0
"4326",2,86,0,0
"4327",2,157,0,0
"4328",2,619,0,0
"4329",2,258,0,0
"4330",2,488,0,0
"4331",2,375,0,0
"4332",2,620,0,0
"4333",2,621,0,0
"4334",2,212,0,0
"4335",2,278,0,0
"4336",2,135,0,0
"4337",2,181,0,0
"4338",2,301,0,0
"4339",2,158,0,0
"4340",2,4,0,0
"4341",3,517,0,0
"4342",2,301,0,0
"4343",2,414,0,0
"4344",2,622,0,0
"4345",2,623,0,0
"4346",2,67,0,0
"4347",2,115,0,0
"4348",2,132,0,0
"4349",2,624,0,0
"4350",2,186,0,0
"4351",2,372,0,0
"4352",2,625,0,0
"4353",2,272,0,0
"4354",2,626,0,0
"4355",2,348,0,0
"4356",2,115,0,0
"4357",2,561,0,0
"4358",2,486,0,0
"4359",2,114,0,0
"4360",2,83,0,0
"4361",2,145,0,0
"4362",2,525,0,0
"4363",3,627,0,0
"4364",2,628,0,0
"4365",3,629,0,0
"4366",3,630,0,0
"4367",2,137,0,0
"4368",2,631,0,0
"4369",2,616,0,0
"4370",2,632,0,0
"4371",2,28,0,0
"4372",3,331,0,0
"4373",2,381,0,0
"4374",2,449,0,0
"4375",2,360,0,0
"4376",2,233,0,0
"4377",2,299,0,0
"4378",2,283,0,0
"4379",2,54,0,0
"4380",2,633,0,0
"4381",2,416,0,0
"4382",2,139,0,0
"4383",3,517,0,0
"4384",2,106,0,0
"4385",2,482,0,0
"4386",2,458,0,0
"4387",2,491,0,0
"4388",3,487,0,0
"4389",3,551,0,0
"4390",2,7,0,0
"4391",2,634,0,0
"4392",3,635,0,0
"4393",3,636,0,0
"4394",3,637,0,0
"4395",3,638,0,0
"4396",3,639,0,0
"4397",2,640,0,0
"4398",2,641,0,0
"4399",3,642,0,0
"4400",2,494,0,0
